SMILES	logP	ID
CCNC(=O)[C@H]1O[C@@H](n2cnc3c(NCC(c4ccccc4)c4ccccc4)nc(F)nc32)[C@H](O)[C@@H]1O	3.4530000000000003	CHEMBL2042304
CCCCn1c(=O)c2nc(-c3ccc(OCC(=O)O)cc3)[nH]c2n(CCCC)c1=O	5.068000000000001	CHEMBL17123
CCNC(=O)[C@H]1O[C@@H](n2cnc3c(NCCCNC(=O)COc4ccc(/C=C/C5=[N+]6C(=Cc7ccc(-c8cccs8)n7[B-]6(F)F)C=C5)cc4)ncnc32)[C@H](O)[C@@H]1O	5.915	CHEMBL2413231
CC(c1ccccc1)c1cc2c(N)nc(-c3cccc(C#N)c3)nc2s1	3.85	CHEMBL2377094
CNC(=O)[C@H]1O[C@@H](n2cnc3c(NC4CCCC4)nc(N)nc32)[C@H](O)[C@@H]1O	0.5919999999999999	CHEMBL3133158
CCCn1c(=O)c2nc(-c3ccc(/C=C/C(=O)NN4C(=O)C(C)=C(C)C4=O)cc3)[nH]c2n(CCC)c1=O	4.916000000000001	CHEMBL17294
Nc1nc(-c2ccccc2)c2c(n1)-c1cc(C(=O)N3CCNCC3)ccc1C2=O	2.180999999999999	CHEMBL1087184
CCNC(=O)[C@H]1O[C@@H](n2cnc3c(NCC(c4ccccc4)c4ccccc4)nc(NCCc4ccc(NC(=O)c5cc(C(C)(C)C)c(O)c(C(C)(C)C)c5)cc4)nc32)[C@H](O)[C@@H]1O	9.222000000000003	CHEMBL2042309
CCCn1c(=O)c2[nH]c(-c3cnn(-c4cccnc4)c3)nc2n(CC)c1=O	3.511	CHEMBL261526
Cc1ccccc1-n1nc(C)c(-c2ccc3nccnc3c2)c1Nc1ccccc1C(=O)O	5.116	CHEMBL1258396
COC(=O)c1ccc(CSc2nc(N)c(C#N)c(-c3ccco3)c2C#N)o1	1.689	CHEMBL4547699
CCNC(=O)[C@H]1O[C@@H](n2cnc3c(N)nc(F)nc32)[C@H](O)[C@@H]1O	-0.36800000000000016	CHEMBL2042297
Nc1nc2c(s1)Cc1cc(-c3ccc4c(c3)OCO4)ccc1-2	2.8280000000000003	CHEMBL1181760
COC(=O)c1cccc(CSc2nc(N)c(C#N)c(-c3ccoc3)c2C#N)c1	2.8840000000000003	CHEMBL4562453
CNC(=O)[C@H]1O[C@H]([C@@H]([C@@H]1O)O)n1cnc2c1ncnc2NCc1cccc(c1)I	2.1999999999999993	piclidenoson
CCNc1nc(N)nc2c1ncn2[C@@H]1O[C@H](C(=O)NC)[C@@H](O)[C@H]1O	-0.24400000000000005	CHEMBL3133154
OC[C@H]1O[C@@H](n2cnc3c(N[C@@H]4CC5CC4C4OC54)ncnc32)[C@H](O)[C@@H]1O	-0.48299999999999993	CHEMBL2364571
CN(C)CCN(C)Cc1ccc2c(c1)-c1nc(N)nc(-c3ccccc3)c1C2=O	2.8340000000000005	CHEMBL1088683
CC(C)N(CCOc1ccc2c(c1)-c1nc(N)nc(-c3ccc(F)cc3)c1C2=O)C(C)C	4.925000000000001	CHEMBL1087080
CN(C)CCOc1ccc2c(c1)-c1nc(N)nc(-c3ccccc3)c1C2=O	2.9980000000000007	CHEMBL1088710
COc1ccc(Nc2c(-c3ccc(C)cc3)c(C)nn2-c2ccccc2C)c(C(=O)O)c1	6.528	CHEMBL1257703
O[C@H]1CC[C@H](Nc2ncc(-c3cccc(Cl)c3)c(-c3ccccc3)n2)CC1	5.280999999999998	CHEMBL3968282
N#Cc1c(N)nc(SCCO)c(C#N)c1-c1ccsc1	1.4789999999999999	CHEMBL4468557
CCN1CCN(c2ccc3c(c2)-c2nc(N)nc(-c4ccccc4)c2C3=O)CC1	3.625000000000001	CHEMBL1094244
CCNC(=O)[C@H]1O[C@@H](n2cnc3c(N)nc(NCCc4ccc(N)cc4)nc32)[C@H](O)[C@@H]1O	0.8069999999999999	CHEMBL2042299
CNC(=O)c1cc(CSc2nc(N)c(C#N)c(-c3cccc(OCCO)c3)c2C#N)ccn1	1.791	CHEMBL3912903
COc1ccc(Nc2c(-c3ccc(C(C)=O)cc3)c(C)nn2-c2ccccc2C)c(C(=O)O)c1	5.968	CHEMBL1257702
CC(C)N1CCC(NC(=O)c2ccc3c(c2)-c2nc(N)nc(-c4ccccc4)c2C3=O)CC1	3.914	CHEMBL1087183
CC(=O)NCCNc1nc(nc2c1cc([nH]2)C(=O)N1CCN(CC1)CCCc1ccccc1)c1ccccc1	3.9420000000000006	OSIP339391
CNc1cc2nc(NCc3cccnc3)nc(C(=O)c3cccs3)c2s1	1.7680000000000002	CHEMBL1077943
CCN1CCN(C(=O)c2ccc3c(c2)-c2nc(N)nc(-c4ccc(F)cc4)c2C3=O)CC1	3.004	CHEMBL1087085
O[C@H]1CC[C@H](Nc2ncc(-c3ccc4ccccc4c3)c(-c3ccccc3)n2)CC1	5.924999999999998	CHEMBL3937015
O[C@@H]1[C@@H](CF)O[C@@H](n2cnc3c(N[C@H]4C[C@H]5CC[C@H]4C5)ncnc32)[C@@H]1O	1.6780000000000006	CHEMBL262604
CCn1nnc([C@H]2O[C@@H](n3cnc4c(Nc5ccc(Cl)cc5F)nc(Cl)nc43)[C@H](O)[C@@H]2O)n1	2.901	CHEMBL3414947
CCn1nnc([C@H]2O[C@@H](n3cnc4c(NCc5ccco5)ncnc43)[C@H](O)[C@@H]2O)n1	0.24799999999999994	CHEMBL4076003
CN(C)C[C@H]1O[C@@H](n2cnc3c(N[C@H]4C[C@H]5CC[C@H]4C5)ncnc32)[C@H](O)[C@@H]1O	0.9029999999999999	CHEMBL411463
CN(C)c1ccc(-c2ccc3c(c2)Cc2sc(N)nc2-3)cc1	3.548	CHEMBL1181834
C[Se]C[C@H]1O[C@@H](n2cnc3c(N[C@H]4C[C@H]5CC[C@H]4C5)ncnc32)[C@H](O)[C@@H]1O	1.8309999999999997	CHEMBL262876
COC(=O)c1cccc(CSc2nc(N)c(C#N)c(-c3cccnc3)c2C#N)c1	3.027000000000001	CHEMBL4521162
OC[C@H]1O[C@H](n2cnc3c(NC4CC5CC4[C@H]4O[C@@H]54)ncnc32)[C@@H](O)[C@H]1O	-0.48299999999999993	CHEMBL2112106
Cn1c(-c2ccc(O)cc2)nc2c(NC3CCCC3)ncnc21	3.2360000000000007	CHEMBL4174108
N#Cc1c(NC[C@@H](O)CO)nc(SCc2cccc(C(N)=O)c2)c(C#N)c1-c1ccccc1	2.7409999999999997	CHEMBL4110342
O=C(OCc1ccccc1Br)N1[C@H]2CC[C@H]1[C@H](Nc1ncnc3c1ncn3[C@@H]1O[C@H](CO)[C@@H](O)[C@H]1O)C2	2.132	CHEMBL430374
N#Cc1c(N)nc(SCC(=O)OCc2ccccc2)c(C#N)c1-c1ccco1	2.746	CHEMBL1384456
CCCn1c(=O)c2nc(NC3CCCC3)[nH]c2n(CCC)c1=O	4.077	CHEMBL53453
Nc1nc(-c2ccccc2)c2c(n1)-c1cc(C(=O)NCCN3CCOCC3)ccc1C2=O	2.0879999999999996	CHEMBL1088393
N#Cc1c(N)nc(SCc2cccc(C(=O)NCCN)c2)c(C#N)c1-c1ccccc1	2.9720000000000004	CHEMBL3975241
Nc1nc(-c2ccccc2)c2c(n1)-c1cc(CNN3CCCCC3)ccc1C2=O	3.771000000000001	CHEMBL1088236
O=P(O)(O)O[C@@H]1CCC[C@H]1Nc1nc(Cl)nc2c1ncn2[C@@H]1O[C@H](CO)[C@@H](O)[C@H]1O	-1.2429999999999999	CHEMBL2219872
CCOC(=O)c1nn(-c2ccc(OC)cc2)c(=O)c2c(N)scc12	2.662	CHEMBL460366
N#Cc1c(N)nc(SCc2cccc(C(N)=O)c2)c(C#N)c1-c1ccccc1	3.230000000000001	CHEMBL3898414
Nc1nc(-c2ccccc2)c2c(n1)-c1cc(CNN3CCC(=O)CC3)ccc1C2=O	2.332	CHEMBL1099028
Cc1csc(-c2nc(N)c3cc(Cc4ccccc4F)sc3n2)n1	2.829	CHEMBL2377233
OCCOc1ccc(cc1)c1c(C#N)c(SCc2csc(n2)c2ccc(cc2)Cl)nc(c1C#N)N1CCCC1	6.291999999999998	neladenoson
Nc1nc(-c2ccccc2)c2c(n1)-c1cc(CNN3CCOCC3)ccc1C2=O	2.507	CHEMBL1088247
COc1cccc(Cn2cc3nc(-c4ccc(C)o4)nc(N)c3n2)c1	2.5620000000000007	CHEMBL3800587
CCOC(=O)c1nn(-c2cccc(Cl)c2)c(=O)c2c(N)scc12	3.3689999999999998	CHEMBL461432
COC(=O)c1cccc(c1)CSc1nc(N)c(c(c1C#N)c1ccco1)C#N	2.9790000000000005	compound 10 [PMID: 31306001]
Cc1ccc(-c2nc(N)c3ccsc3n2)o1	1.4689999999999999	CHEMBL2377237
CNC(=O)c1cc(CSc2nc(N3CC(O)C3)c(C#N)c(-c3ccccc3)c2C#N)ccn1	2.8490000000000006	CHEMBL3922438
Cc1cc(C)cc(-c2nc(NC3CCCC3)c3ncn([C@@H]4O[C@H](Cn5nc(C)cc5C)[C@@H](O)[C@H]4O)c3n2)c1	4.292000000000002	CHEMBL4079314
CNC(=O)c1cc(CSc2nc(N3CC(O)C3)c(C#N)c(-c3ccc(F)c(F)c3)c2C#N)ccn1	3.171	CHEMBL3985798
CN1CCN(C(=O)c2ccc3c(c2)-c2nc(N)nc(-c4ccccc4)c2C3=O)CC1	2.4200000000000004	CHEMBL1087185
OC[C@H]1O[C@H]([C@@H]([C@@H]1O)O)n1cnc2c1ncnc2N[C@H]1CCC[C@@H]1O	-0.2960000000000001	GR79236
Nc1nc(-c2ccncc2)c2c(n1)-c1ccccc1C2=O	1.9779999999999998	CHEMBL1086977
OC[C@H]1O[C@H]([C@@H]([C@@H]1O)O)n1cnc2c1nc(Cl)nc2NC1CCCC1	1.0159999999999996	CCPA
CCCn1c(Oc2cccnc2C)nc2nc(C3CCCC3)[nH]c2c1=O	4.497000000000002	CHEMBL4063997
CCCn1c(=O)c2nc(C3CC3)[nH]c2n(CCC)c1=O	3.122	CHEMBL53737
CCNC(=O)[C@H]1O[C@@H](n2cnc3c(N[C@H]4C[C@@H]5C[C@@H]4C4SC45)ncnc32)[C@H](O)[C@@H]1O	1.1509999999999998	CHEMBL411245
Nc1nc(-c2ccccc2)c2c(n1)-c1c(CN3CCCC3)cccc1C2=O	3.4870000000000005	CHEMBL1087709
CCCn1c(=O)c2nc(-c3ccc(OCC(=O)NN4C(=O)C(C)=C(C)C4=O)cc3)[nH]c2n(CCC)c1=O	4.3260000000000005	CHEMBL17173
CN1CCN(NCc2ccc3c(c2)-c2nc(N)nc(-c4ccccc4)c2C3=O)CC1	2.5500000000000003	CHEMBL1088665
Nc1nc(CCCc2cccc(O)c2)nc2cn(-c3ccccc3)nc12	3.714	CHEMBL3317579
CCOC(=O)CNP(=O)(NCC(=O)OCC)OC[C@H]1O[C@@H](n2cnc3c(NC4CCCC4)nc(Cl)nc32)[C@H](O)[C@@H]1O	0.256	CHEMBL2163564
CCc1ccc(-c2nc(N)c3cc(Cc4ccccc4)sc3n2)o1	3.1020000000000003	CHEMBL2377113
Nc1nc(-c2ccncc2)nc2sc(Cc3ccccc3)cc12	2.661	CHEMBL2377102
CNC(=O)c1cc(CSc2ncc(C#N)c(-c3ccc(OCCO)cc3)c2C#N)ccn1	1.8800000000000003	CHEMBL3974782
O[C@@H]1[C@@H](CSc2ccccc2F)O[C@@H](n2cnc3c(N[C@H]4C[C@H]5CC[C@H]4C5)ncnc32)[C@@H]1O	3.7	CHEMBL258760
CNC(=O)c1cc(CSc2nc(N3CC[C@@H](O)C3)c(C#N)c(-c3ccc4c(c3)OCCO4)c2C#N)ccn1	2.559	CHEMBL4113343
CCCn1c2nc([nH]c2c(=O)n(c1=O)CCC)c1ccc(cc1)OCC(=O)NCCN	3.3730000000000007	xanthine amine congener
C=CCn1c(SCc2ccccn2)nc2c([nH]c3ccccc32)c1=O	3.9670000000000005	CHEMBL4451522
CCN(CC)CCOc1ccc2c(c1)-c1nc(N)nc(-c3ccc(F)cc3)c1C2=O	4.005000000000001	CHEMBL1088132
COc1ccccc1Cc1cc2c(N)nc(-c3cccc(C#N)c3)nc2s1	3.551	CHEMBL2377091
CCCn1c(=O)c2nc(-c3ccc(OCC(=O)Nc4ccc(C(F)(F)F)cc4)cc3)[nH]c2n(CCC)c1=O	6.211	CHEMBL277386
COc1ccc(Nc2c(-c3ccc4nccnc4c3)c(C)nn2-c2ccccc2C)c(C(=O)O)c1	5.0310000000000015	CHEMBL1258170
O=C(NCc1ccc(Nc2ncnc3c2ncn3[C@@H]2O[C@H](CO)[C@@H](O)[C@H]2O)cc1)c1ccc(S(=O)(=O)F)cc1	1.095	CHEMBL4756472
CCCOc1cccc(-c2c(C#N)c(N)nc(SCc3ccnc(C(=O)NC)c3)c2C#N)c1	3.2809999999999997	CHEMBL3918844
CCCn1c(=O)c2nc(C3CCCC3C(=O)O)[nH]c2n(CCC)c1=O	3.101	CHEMBL292382
N#Cc1c(NC2CC2)nc(SCCO)c(C#N)c1-c1ccco1	1.8300000000000005	CHEMBL4533472
CCNC(=O)[C@H]1O[C@@H](n2cnc3c(NCCOCCOCCNC(=O)COc4ccc(/C=C/C5=[N+]6C(=Cc7ccc(-c8cccs8)n7[B-]6(F)F)C=C5)cc4)ncnc32)[C@H](O)[C@@H]1O	5.177	CHEMBL2413235
COc1ccc(-c2ccc3c(c2)Cc2sc(N)nc2-3)cc1	3.254	CHEMBL1181691
Cc1ccccc1-n1nc(C)c(-c2cc(F)c3nccnc3c2)c1Nc1ccccc1C(=O)O	5.276999999999999	CHEMBL1258850
CCCn1c(=O)c2nc(N3CCCCC3)[nH]c2n(CCC)c1=O	4.365	CHEMBL55883
COc1cccc(CCCc2nc(N)c3nn(-c4ccccc4)cc3n2)c1	4.035000000000003	CHEMBL3317576
OC[C@H]1O[C@@H](n2cnc3c(N[C@@H]4CCC[C@H]4O)ncnc32)[C@H](O)[C@@H]1O	-0.2960000000000001	CHEMBL116903
Nc1nc(-c2ccccc2)c2c(n1)-c1cc(CNN3CCCCCC3)ccc1C2=O	4.1290000000000004	CHEMBL1087727
O[C@@H]1[C@@H](CCl)O[C@@H](n2cnc3c(Nc4ccc(Cl)cc4F)ncnc32)[C@@H]1O	2.44	CHEMBL4098408
CCn1nnc([C@H]2O[C@@H](n3cnc4c(NCc5cccc(Br)c5)nc(Cl)nc43)[C@H](O)[C@@H]2O)n1	3.0599999999999996	CHEMBL4059961
Cc1ccc(-c2ccc3c(c2)Cc2sc(N)nc2-3)cc1C	4.213	CHEMBL1184634
CCNC(=O)[C@H]1O[C@@H](n2cnc3c(NCCNC(=O)COc4ccc(/C=C/C5=[N+]6C(=Cc7ccc(-c8cccs8)n7[B-]6(F)F)C=C5)cc4)ncnc32)[C@H](O)[C@@H]1O	5.557000000000001	CHEMBL2413230
COc1cc(-c2ccc3c(c2)Cc2sc(N)nc2-3)cc(OC)c1OC	2.816	CHEMBL1185674
CN(C)CCN(C)c1ccc2c(c1)-c1nc(N)nc(-c3ccccc3)c1C2=O	3.2920000000000007	CHEMBL1098457
OC[C@H]1O[C@H]([C@@H]([C@@H]1O)O)n1cnc2c1ncnc2N	-1.4170000000000003	adenosine
N#Cc1cccc(-c2nc(N)c3cc(Cc4ccccc4)sc3n2)c1	3.6360000000000015	CHEMBL2377090
Nc1nc(-c2ccccc2)c2c(n1)-c1cc(Cc3cncc(F)c3)ccc1C2=O	3.894	CHEMBL2165799
Nc1sc(-c2cncnc2)c2c1C(=O)c1ccccc1-2	1.2140000000000002	CHEMBL1241015
CCCn1c(Oc2cncc(Cl)c2)nc2nc(C3CCCC3)[nH]c2c1=O	4.804000000000002	CHEMBL4073088
COc1ccc(-c2c(C#N)c(N)nc(SCc3csc(-c4ccccn4)n3)c2C#N)cc1	3.564000000000001	CHEMBL3613135
CNC(=O)c1cc(CSc2nc(NCCO)c(C#N)c(-c3ccccn3)c2C#N)ccn1	1.1760000000000002	CHEMBL3948814
CCCn1c(OC2CCOCC2)nc2nc(C3CCCC3)[nH]c2c1=O	4.221000000000002	CHEMBL4078636
CNC(=O)[C@H]1O[C@@H](n2cnc3c(NCc4cccc(I)c4)nc(N)nc32)[C@H](O)[C@@H]1O	2.1109999999999998	CHEMBL3133078
CSC[C@H]1O[C@@H](n2cnc3c(N[C@H]4C[C@@H]5C[C@@H]4C4SC45)ncnc32)[C@H](O)[C@@H]1O	1.668	CHEMBL410288
CCNC(=O)[C@H]1O[C@@H](n2cnc3c(NCCOCCOCCOCCNC(=O)COc4ccc(/C=C/C5=[N+]6C(=Cc7ccc(-c8cccs8)n7[B-]6(F)F)C=C5)cc4)ncnc32)[C@H](O)[C@@H]1O	4.987	CHEMBL3221341
CCn1nnc([C@H]2O[C@@H](n3cnc4c(N)nc(Cl)nc43)[C@H](O)[C@@H]2O)n1	0.08900000000000002	CHEMBL3414937
CCn1nnc([C@H]2O[C@@H](n3cnc4c(NCc5cccc(F)c5)ncnc43)[C@H](O)[C@@H]2O)n1	1.712	CHEMBL4097468
Nc1ncnc2c1ncn2[C@@H]1O[C@H](CO)[C@@H](OP(=O)(O)O)[C@H]1O	-3.5040000000000004	CHEMBL576739
Nc1nc(C2CCCO2)nc2sc(Cc3ccccc3)cc12	2.2899999999999996	CHEMBL2377227
O=C(OCc1ccccc1Cl)N1[C@H]2CC[C@H]1[C@H](Nc1ncnc3c1ncn3[C@@H]1O[C@H](CO)[C@@H](O)[C@H]1O)C2	1.956	CHEMBL392720
OC[C@H]1O[C@@H](n2cnc3c(N[C@@H]4CC[Se]C4)ncnc32)[C@H](O)[C@@H]1O	-0.05300000000000005	CHEMBL240065
Cc1ccc(-c2nc(N)c3cc(C(C)c4ccccc4)sc3n2)o1	3.063	CHEMBL2377112
OC[C@@]12C[C@@H]1[C@@H](n1cnc3c(NC4CCCC4)nc(Cl)nc31)C[C@@H]2O	2.217	CHEMBL27593
Nc1nc(-c2ccccc2)c2c(n1)-c1cc(NCCN3CCOCC3)ccc1C2=O	2.329	CHEMBL1095172
CCCn1c(=O)c2nc(C34CC5CC(CC(C5)C3)C4)[nH]c2n(CCC)c1=O	5.8740000000000006	CHEMBL418101
Nc1nc(CCCc2ccccc2)nc2cn(-c3ccccc3)nc12	4.120000000000001	CHEMBL3317574
CCc1ccccc1-n1nc(C)c(-c2ccc3nccnc3c2)c1Nc1ccc(OC)cc1C(=O)O	5.495	CHEMBL1258621
O[C@@H]1[C@@H](CS)O[C@@H](n2cnc3c(N[C@H]4C[C@H]5CC[C@H]4C5)ncnc32)[C@@H]1O	1.7220000000000002	CHEMBL260205
Cc1cc(C)n(C[C@H]2O[C@@H](n3cnc4c(Nc5ccc(Cl)cc5F)nc(Cl)nc43)[C@H](O)[C@@H]2O)n1	3.1899999999999995	CHEMBL4078360
COc1ccccc1CNc1nc(N)c2nc(-c3ccccc3)sc2n1	3.210000000000001	CHEMBL4127213
Nc1nc(-n2cncn2)c2nnn(Cc3ccccc3F)c2n1	1.233	CHEMBL1210734
CCc1nc2c(=O)n(Cc3ccccc3)nc(C3CCC3)c2c2cc(-c3ccccc3)nn12	5.520999999999999	CHEMBL3359414
N#Cc1c(N)nc(SCc2cccc(C(=O)O)c2)c(C#N)c1-c1ccc(F)cc1	4.119000000000001	CHEMBL3932154
CCn1nnc([C@H]2O[C@@H](n3cnc4c(NC5CC5)ncnc43)[C@H](O)[C@@H]2O)n1	0.38400000000000006	CHEMBL3414940
Cc1nc2c(=O)n(Cc3ccccc3)nc(C3CCCC3)c2c2cc(-c3ccccc3)nn12	5.836999999999999	CHEMBL379204
Nc1nc(-c2ccco2)c2nnn(Cc3cccc(C(=O)O)c3)c2n1	1.4040000000000004	CHEMBL461656
CCOC(=O)c1nn(-c2ccccc2)c(=O)c2c(N)scc12	2.7470000000000003	CHEMBL461431
CN1CCN(NCc2ccc3c(c2)-c2nc(N)nc(-c4ccc(F)cc4)c2C3=O)CC1	2.711	CHEMBL1087726
CNC[C@H]1O[C@@H](n2cnc3c(N[C@H]4C[C@H]5CC[C@H]4C5)ncnc32)[C@H](O)[C@@H]1O	1.093	CHEMBL442468
CN1CCC(N(C)C(=O)c2ccc3c(c2)-c2nc(N)nc(-c4ccccc4)c2C3=O)CC1	3.1730000000000005	CHEMBL1086804
Cc1ccc(Nc2c(-c3ccc4nccnc4c3)c(C)nn2-c2ccccc2C)c(C(=O)O)c1	5.553000000000002	CHEMBL1258284
CCCn1c(=O)c2nc(-c3ccc(OCC(=O)Nc4ccc(C(N)=O)cc4)cc3)[nH]c2n(CCC)c1=O	4.173	CHEMBL275360
COc1ccc(Nc2c(-c3ccc(C)c(C)c3)c(C)nn2-c2ccccc2C)c(C(=O)O)c1	6.964999999999999	CHEMBL1257825
N#Cc1c(SCc2ccnc(C(=O)NC3CC3)c2)nc(N2CCCC2)c(C#N)c1-c1ccccc1	4.78	CHEMBL3948114
Nc1nc(-c2ccccc2)c2c(n1)-c1cc(Cc3cnccc3Cl)ccc1C2=O	4.3549999999999995	CHEMBL2165801
O=P(O)(O)OC[C@H]1O[C@@H](n2cnc3c(NC4CCCC4)nc(Cl)nc32)[C@H](O)[C@@H]1O	-0.6420000000000006	CHEMBL2219856
CN(C)C(=S)O[C@H]1O[C@@H](n2cnc3c(N[C@H]4C[C@@H]5C[C@@H]4C4SC45)ncnc32)[C@H](O)[C@@H]1O	1.515999999999999	CHEMBL411859
CCCC1CCC(CCC)(n2c(=O)[nH]c3nc[nH]c3c2=O)C1	4.974000000000001	CHEMBL4177295
Nc1nc(-c2ccc(C(F)F)o2)nc2sc(Cc3ccccc3)cc12	3.2260000000000004	CHEMBL2377225
COc1ccc(-c2ccc3c(c2)Cc2sc(N)nc2-3)cc1OC	2.901	CHEMBL1181762
COc1ccc(Nc2c(-c3ccc(OC)c(OC)c3)c(C)nn2-c2ccccc2C)c(C(=O)O)c1	5.653000000000001	CHEMBL1258052
COc1ccc(Nc2c(-c3ccc4c(c3)OCO4)c(C)nn2-c2ccccc2C)c(C(=O)O)c1	5.580000000000001	CHEMBL1258053
CCCn1c(=O)c2nc(C3CCC(NC(C)=O)CC3)[nH]c2n(CCC)c1=O	3.375	CHEMBL56251
Cc1ccc(-c2nc(N)c3nn(Cc4ccccc4)cc3n2)o1	2.6470000000000002	CHEMBL3798754
COc1cccc(CNc2nc(N)c3nc(-c4ccccc4)sc3n2)c1	3.2100000000000004	CHEMBL4128596
COc1ccc(-c2c(C#N)c(N)nc(SCc3csc(N4CCOCC4)n3)c2C#N)cc1	3.0830000000000006	CHEMBL3613126
CCOC(=O)c1c(N)sc2c1CCN(C(=O)[C@H](Cc1ccccc1)NC(=O)OC(C)(C)C)C2	3.1159999999999997	CHEMBL607427
CCN1CCC(Nc2ccc3c(c2)-c2nc(N)nc(-c4ccccc4)c2C3=O)CC1	3.6950000000000007	CHEMBL1095812
CCCn1c(=O)c2nc(-c3ccc(OCC(=O)Nc4ccc([N+](=O)[O-])cc4)cc3)[nH]c2n(CCC)c1=O	5.178000000000001	CHEMBL16787
CCCn1c(=O)c2nc(C3CCC(C(=O)N(C)CCN(C)C)CC3)[nH]c2n(CCC)c1=O	3.033	CHEMBL294869
CCCn1c(=O)c2nc(C3CCC(C(=O)O)CC3)[nH]c2n(CCC)c1=O	3.2479999999999998	CHEMBL57503
Nc1ncnc2c1nc(Br)n2CCO	0.06599999999999989	CHEMBL474058
CNC(=O)c1cc(CSc2nc(N3CC(O)C3)c(C#N)c(-c3ccc(OC)cc3)c2C#N)ccn1	2.7640000000000002	CHEMBL3921206
Nc1nc(-c2ccccc2)c2c(n1)-c1cc(C(F)(F)c3cccnc3)ccc1C2=O	4.4879999999999995	CHEMBL2165803
O=P(O)(O)OC[C@H]1O[C@@H](n2cnc3c(NC4CCCC4)ncnc32)[C@H](O)[C@@H]1O	-1.3530000000000009	CHEMBL1812058
CCCn1c(=O)c2nc(C3CCCC(NC(C)=O)C3)[nH]c2n(CCC)c1=O	3.375	CHEMBL300983
N#Cc1c(N)nc(SCC(=O)c2ccccc2)c(C#N)c1-c1ccco1	2.694	CHEMBL4557518
Nc1nc2c(s1)Cc1cc(-c3ccc(Cl)c(Cl)c3)ccc1-2	4.583	CHEMBL1181761
Nc1nc(-c2ccccc2)c2c(n1)-c1ccccc1C2=O	3.2300000000000004	CHEMBL369573
C1CCC(C1)c1[nH]c2c(n1)nc(nc2c1ccccc1)c1ccccc1	5.39	LUF5962
Nc1nc2c(s1)Cc1cc(-c3ccccc3[N+](=O)[O-])ccc1-2	3.2310000000000003	CHEMBL1626594
N#Cc1c(N)nc(SCCO)c(C#N)c1-c1cccnc1	0.8719999999999999	CHEMBL4452140
OC[C@H]1O[C@H]([C@@H]([C@@H]1O)O)n1cnc2c1ncnc2NC1CCCC1	0.3049999999999998	cyclopentyladenosine
Nc1nc2c(s1)Cc1cc(-c3ccc(O)cc3)ccc1-2	2.9330000000000003	CHEMBL1181723
Nc1nc2c(s1)Cc1cc(-c3cccc(-c4cccs4)c3)ccc1-2	4.341000000000001	CHEMBL1161748
CCCn1c(=O)c2nc(-c3ccc(OCC(=O)N(Cc4ccccc4)Cc4ccccc4)cc3)[nH]c2n(CCC)c1=O	7.282	CHEMBL275149
CCCn1c2nc([nH]c2c(=O)n(c1=O)CCC)c1ccc(cc1)OCC(=O)O	4.359000000000001	XCC
CC(=O)Nc1ccc(-c2nc(SCc3csc(-c4ccc(Cl)cc4)n3)nc(N)c2C#N)cc1	4.013000000000001	CHEMBL3234937
CCNC(=O)[C@H]1O[C@@H](n2cnc3c(NCCCCNC(=O)CCC4=[N+]5C(=Cc6c(C)cc(C)n6[B-]5(F)F)C=C4)ncnc32)[C@H](O)[C@@H]1O	3.801999999999999	CHEMBL2413236
CC(C)c1ccc(-c2nc(N)c3cc(Cc4ccccc4)sc3n2)o1	3.395000000000001	CHEMBL2377114
CC(=O)NC[C@H]1O[C@@H](n2cnc3c(N[C@H]4C[C@H]5CC[C@H]4C5)ncnc32)[C@H](O)[C@@H]1O	0.9790000000000001	CHEMBL262850
OC[C@@]12C[C@@H]1[C@@H](n1cnc3c(NC4CCCC4)ncnc31)C[C@@H]2O	1.5060000000000004	CHEMBL27502
CCCn1c(=O)c2[nH]c(-c3cn[nH]c3)nc2n(CC)c1=O	3.392	CHEMBL405901
CC(C)N(CCOc1ccc2c(c1)-c1nc(N)nc(-c3ccccc3)c1C2=O)C(C)C	4.764000000000001	CHEMBL1094721
CN1CCCN(c2ccc3c(c2)-c2nc(N)nc(-c4ccccc4)c2C3=O)CC1	3.5600000000000005	CHEMBL1094548
Nc1sc(-c2ccc(C(=O)NCCCCCCCNc3ncnc4c3ncn4[C@@H]3O[C@H](CO)[C@@H](O)[C@H]3O)cc2)c(-c2cccc(C(F)(F)F)c2)c1C(=O)c1ccccc1	7.125	CHEMBL4075186
COc1ccc(-c2cc(-c3cccc(Br)c3)c(C#N)c(N)n2)cc1	5.085999999999999	CHEMBL4454608
Cc1nc(-c2nc(N)c3cc(Cc4ccccc4)sc3n2)cs1	2.668	CHEMBL2377084
CCCNc1nc(N)nc2c1ncn2[C@@H]1O[C@H](C(=O)NC)[C@@H](O)[C@H]1O	0.11400000000000021	CHEMBL3133155
CNC(=O)c1cc(CSc2nc(NCCO)c(C#N)c(-c3ccc(OCCO)nc3)c2C#N)ccn1	1.021	CHEMBL3978419
Nc1nc(-c2ccccc2)c2c(n1)-c1cc(CNCc3ccccn3)ccc1C2=O	3.2890000000000006	CHEMBL1088235
N#Cc1c(N)nc(SCc2csc(-c3ccccc3)n2)nc1-c1ccc2c(c1)OCO2	3.6260000000000012	CHEMBL3234962
CCNC(=O)[C@H]1O[C@@H](n2cnc3c(N)nc(NCCc4ccc(NC(=O)c5cc(C(C)(C)C)cc(C(C)(C)C)c5)cc4)nc32)[C@H](O)[C@@H]1O	6.229000000000001	CHEMBL2042301
Cc1cc(Cl)cc(-c2ccc3c(c2)Cc2sc(N)nc2-3)c1	4.398	CHEMBL1181831
CCCn1c(=O)c2nc(-c3ccc(OCC(=O)Nc4ccc(F)cc4)cc3)[nH]c2n(CCC)c1=O	5.447000000000001	CHEMBL16929
Nc1nc2c(s1)Cc1cc(-c3ccccc3-c3cccs3)ccc1-2	4.341	CHEMBL1184744
Nc1nc(-c2ccccc2)c2c(n1)-c1c(CN3CCOCC3)cccc1C2=O	2.581	CHEMBL1087462
CCNC(=O)[C@H]1O[C@@H](n2cnc3c(NCCCCCCNC(=O)c4ccc(-c5sc(N)c(C(=O)c6ccccc6)c5-c5cccc(C(F)(F)F)c5)cc4)ncnc32)[C@H](O)[C@@H]1O	7.3549999999999995	CHEMBL4085418
CCCn1c(Oc2cccc(OC)c2)nc2nc(C3CCCC3)[nH]c2c1=O	5.349000000000002	CHEMBL4102409
COc1ccc(-c2ccc3c(c2)Cc2sc(N)nc2-3)c(OC)c1	3.169	CHEMBL1181814
CNC(=O)c1cc(CSc2nc(N)c(C#N)c(-c3ccc(OC)cc3)c2C#N)ccn1	2.5000000000000004	CHEMBL3935524
CCCn1c(=O)c2nc(-c3ccc(OCC(=O)Nc4ccc(I)cc4)cc3)[nH]c2n(CCC)c1=O	6.353999999999999	CHEMBL278039
CCCn1c(=O)[nH]c2[nH]c(-c3ccc(S(=O)(=O)NCc4ccccc4)cc3)nc2c1=O	3.774000000000001	CHEMBL209230
Cc1ccc(-c2nc(N)c3cc(Cc4ccccc4)sc3n2)o1	2.849	CHEMBL2377239
CNC(=O)[C@H]1O[C@@H](n2cnc3c(NC4CCC4)nc(N)nc32)[C@H](O)[C@@H]1O	0.23399999999999987	CHEMBL3133157
CNC(=O)[C@H]1O[C@@H](n2cnc3c(NCC(c4ccccc4)c4ccccc4)nc(F)nc32)[C@H](O)[C@@H]1O	3.03	CHEMBL2042311
CNC(=O)O[C@H]1O[C@@H](n2cnc3c(N[C@H]4C[C@@H]5C[C@@H]4C4SC45)ncnc32)[C@H](O)[C@@H]1O	0.4399999999999996	CHEMBL279161
Cc1ccccc1-n1nc(C)c(-c2ccc3nccnc3c2)c1Nc1ccc(Cl)cc1C(=O)O	5.738	CHEMBL1258283
OC[C@@]12C[C@@H]1[C@@H](n1cnc3c(NCc4cccc(I)c4)ncnc31)[C@H](O)[C@@H]2O	2.4240000000000004	CHEMBL417292
N#Cc1c(NCc2ccccc2)nc(SCCO)c(C#N)c1-c1ccco1	2.997	CHEMBL4560929
Nc1nc(-c2ccc(F)cc2)c2c(n1)-c1c(CN3CCCC3)cccc1C2=O	3.6479999999999997	CHEMBL1087710
CNC(=O)[C@H]1O[C@@H](n2cnc3c(NC4CCCCC4)nc(N)nc32)[C@H](O)[C@@H]1O	1.1609999999999998	CHEMBL3133159
CCNC(=O)c1cccc(CSc2nc(N3CCCC3)c(C#N)c(-c3ccc(OCCO)cc3)c2C#N)c1	5.028999999999999	CHEMBL3913385
CCn1nnc([C@H]2O[C@@H](n3cnc4c(NCc5ccc(Cl)cc5F)nc(Cl)nc43)[C@H](O)[C@@H]2O)n1	3.045	CHEMBL4100130
Oc1ccc(cc1)CCNc1nc(N)n2c(n1)nc(n2)c1ccco1	1.563	ZM-241385
N#Cc1c(N)nc(SCc2cccc(C(=O)O)c2)c(C#N)c1-c1ccco1	2.658000000000001	CHEMBL4582498
CCCn1c2[nH]c(nc2c(=O)n(c1=O)CCC)c1ccc(cc1)OCC(=O)Nc1ccc(cc1)C(=O)C	5.163	MRS1706
N#Cc1cnc(SCc2cccc(C(=O)NCCO)c2)c(C#N)c1-c1ccccc1	3.1280000000000006	CHEMBL3950404
O[C@@H]1[C@@H](CCl)O[C@@H](n2cnc3c(N[C@@H]4CCOC4)ncnc32)[C@@H]1O	0.0859999999999998	CHEMBL4079464
CCOC(=O)c1nn(-c2ccc(I)cc2)c(=O)c2c(N)scc12	3.815	CHEMBL448624
COc1ccccc1Cn1cc2nc(-c3ccc(C)o3)nc(N)c2n1	2.5620000000000003	CHEMBL3799351
CCCn1c(-c2cccc(C(F)(F)F)c2)nc2nc(C3CCCC3)[nH]c2c1=O	6.179	CHEMBL4088084
CNC(=O)c1cc(CSc2nc(N)c(C#N)c(-c3ccc4c(c3)OCCO4)c2C#N)ccn1	1.937	CHEMBL3961898
Nc1nc(-c2ccccc2)c2c(n1)-c1cc(OCCN3CCCCC3)ccc1C2=O	3.862000000000001	CHEMBL1095487
COc1ccc(N2CCOCC2)c2sc(NC(=O)C(C)(C)Oc3ccc(F)cc3)nc12	3.2250000000000005	CHEMBL4068032
OC[C@H]1O[C@@H](Cn2cnc3c(NC4CC5CC4CC5O)ncnc32)[C@H](O)[C@@H]1O	-0.6080000000000003	CHEMBL3144086
Nc1ncnc2c1ncn2[C@@H]1O[C@H](CO)[C@@H](O)[C@H]1OP(=O)(O)O	-3.0750000000000006	CHEMBL57445
C=CCOc1cccc(-c2nc(O)c3c4ccccc4c(=O)n(CC)n23)c1	5.787000000000001	CHEMBL1097489
Cc1csc(-c2nc(N)c3cc(Cc4ccccc4)sc3n2)n1	2.6680000000000006	CHEMBL2377230
COc1ccc(Nc2c(-c3ccc4nccnc4c3)c(C)nn2-c2ccccc2)c(C(=O)O)c1	4.805000000000001	CHEMBL1258397
COc1ccc(Nc2c(-c3ccc(F)c(F)c3)c(C)nn2-c2ccccc2C)c(C(=O)O)c1	6.412999999999999	CHEMBL1257941
Cc1ccc(-c2nc(N)c3cc(-c4ccccc4)sc3n2)o1	3.0340000000000003	CHEMBL2377238
CCNC(=O)[C@H]1O[C@@H](n2cnc3c(NCC(c4ccccc4)c4ccccc4)nc(NCCc4ccc(NC(=O)CCCC[C@H]5CCSS5)cc4)nc32)[C@H](O)[C@@H]1O	6.850999999999998	CHEMBL2042310
CCn1nnc([C@H]2O[C@@H](n3cnc4c(NCc5ccc(Cl)cc5F)ncnc43)[C@H](O)[C@@H]2O)n1	2.3339999999999996	CHEMBL4102750
O=C(O)/C=C/c1ccc(-c2nc3c(=O)n(CC4CCCCC4)c(=O)n(CC4CCCCC4)c3[nH]2)cc1	7.847999999999998	CHEMBL17103
O=C(Cn1cc(-c2ccccc2)c2ncn(C3CC3)c(=O)c21)NCc1ccc(F)cc1	4.239	CHEMBL4592514
CCCSC[C@H]1O[C@@H](n2cnc3c(N[C@H]4C[C@H]5CC[C@H]4C5)ncnc32)[C@H](O)[C@@H]1O	2.801999999999999	CHEMBL258972
Nc1nc2c(s1)Cc1cc(-c3cccc(O)c3)ccc1-2	2.9330000000000003	CHEMBL1184840
Cn1c(-c2ccc(F)cc2)nc2c(NC3CCCC3)ncnc21	3.803000000000001	CHEMBL4177249
CCOC(=O)c1nn(-c2ccc(OC(C)=O)cc2)c(=O)c2c(N)scc12	2.532	CHEMBL462281
COc1ccccc1CCCc1nc(N)c2nn(-c3ccccc3)cc2n1	3.824000000000002	CHEMBL3317575
CCCn1c(=O)c2nc(-c3ccc(OCC(=O)Nc4cccc(C(C)=O)c4)cc3)[nH]c2n(CCC)c1=O	5.163	CHEMBL16534
CNC(=O)c1cc(CSc2nc(N)c(C#N)c(-c3ccc(F)cc3)c2C#N)ccn1	2.7460000000000004	CHEMBL3907580
CCNC(=O)[C@H]1O[C@@H](n2cnc3c(NCCCCCNC(=O)CCCCCNC(=O)COc4ccc(/C=C/C5=[N+]6C(=Cc7ccc(-c8cccs8)n7[B-]6(F)F)C=C5)cc4)ncnc32)[C@H](O)[C@@H]1O	7.035000000000001	CHEMBL376411
O=C(C(=O)c1cn(Cc2ccccc2)c2ccccc12)c1ccco1	3.975	CHEMBL2435537
CCCCc1nc(N)c2c(n1)n(C)c(n2)n1nccn1	2.6710000000000003	ST-1535
CN(C)CCOc1ccc2c(c1)-c1nc(N)nc(-c3ccc(F)cc3)c1C2=O	3.1590000000000003	CHEMBL1087998
CCNc1nc(NC2CCCC2)c2ncn([C@@H]3O[C@H](C(=O)NC)[C@@H](O)[C@H]3O)c2n1	1.4780000000000002	CHEMBL3133151
CCn1nnc([C@H]2O[C@@H](n3cnc4c(NC)ncnc43)[C@H](O)[C@@H]2O)n1	-0.15899999999999997	CHEMBL3414938
CCCn1c(=O)c2nc(C3CC3C)[nH]c2n(CCC)c1=O	3.630000000000001	CHEMBL57554
OC[C@H]1O[C@@H](n2cnc3c(N[C@@H]4CCSC4)ncnc32)[C@H](O)[C@@H]1O	0.20199999999999996	CHEMBL391029
Nc1nc(-c2cccc(F)c2)nc2sc(Cc3ccccc3)cc12	4.074000000000001	CHEMBL2377097
Nc1nc(-c2ccc(F)cc2)c2c(n1)-c1cc(OCCN3CCOCC3)ccc1C2=O	2.759	CHEMBL1095489
CCn1nnc([C@H]2O[C@@H](n3cnc4c(NCc5cccc(Br)c5)ncnc43)[C@H](O)[C@@H]2O)n1	2.3489999999999998	CHEMBL4081876
Nc1nc(-c2ccc(F)cc2)c2c(n1)-c1cc(CNN3CCCCC3)ccc1C2=O	3.9320000000000004	CHEMBL1088237
Cc1ccc(C(=O)Nc2c(C(=O)NC3CCCC3)[nH]c3ccc(C)cc23)cc1	5.4510000000000005	CHEMBL4455491
CC(=O)N1CCN(Cc2cccc3c2-c2nc(N)nc(-c4ccccc4)c2C3=O)CC1	2.4130000000000003	CHEMBL1087819
CNC(=O)[C@H]1O[C@@H](n2cnc3c(NC4CCCC4)nc(NC)nc32)[C@H](O)[C@@H]1O	1.0549999999999997	CHEMBL3133081
COc1ccc(-c2c(C)nn(-c3ccccc3C)c2Nc2ccc(OC)cc2C(=O)O)cc1	6.005999999999999	CHEMBL1257942
CCCn1c(=O)c2[nH]c(-c3cnn(Cc4cccc(C(F)(F)F)c4)c3)nc2n(C)c1=O	5.474000000000002	CHEMBL260975
CCCn1c2nc([nH]c2c(=O)n(c1=O)CCC)C1CCCC1	4.689000000000001	DPCPX
CCCn1c(=O)c2nc(C3CCCCC3)[nH]c2n(CCC)c1=O	4.828999999999999	CHEMBL160369
CN1CCN(c2ccc3c(c2)-c2nc(N)nc(-c4ccccc4)c2C3=O)CC1	3.2020000000000004	CHEMBL1096134
N#Cc1c(N)nc(SCc2csc(N3CCOCC3)n2)nc1-c1ccc2c(c1)OCO2	1.982	CHEMBL3234964
CCNC(=O)[C@H]1O[C@@H](n2cnc3c(NC45CC6CC(CC(O)(C6)C4)C5)ncnc32)[C@H](O)[C@@H]1O	1.3909999999999998	CHEMBL3769641
CCCn1c(=O)c2nc(C3CCCC3C(=O)N(C)CCN(C)C)[nH]c2n(CCC)c1=O	2.886	CHEMBL57076
COC(=O)c1cccc(CSc2nc(N)c(C#N)c(-c3cccs3)c2C#N)c1	3.341000000000001	CHEMBL4517597
N#Cc1ccc(-c2nc(N)c3cc(Cc4ccccc4)sc3n2)o1	2.349	CHEMBL2377224
Nc1nc(-c2ccccc2)c2c(n1)-c1cc(CN3CCCC3)ccc1C2=O	3.487	CHEMBL1087189
N#Cc1c(N)nc(SCCO)c(C#N)c1-c1cccc(C(F)(F)F)c1	3.0490000000000004	CHEMBL359833
Nc1nc(-c2ccccc2)c2c(n1)-c1cc(NCCc3ccncc3)ccc1C2=O	3.4920000000000004	CHEMBL1098458
Nc1nc(NCc2cccs2)nc2sc(-c3ccccc3)nc12	2.3570000000000007	CHEMBL4125975
COc1ccc(-c2c(C#N)c(N)nc(SCc3cscn3)c2C#N)cc1	3.162000000000001	CHEMBL3613124
Nc1nc(-c2ccco2)nc2sc(CN3CCCC(F)(F)C3)cc12	1.9960000000000002	CHEMBL3222061
CCCn1c(=O)c2nc(-c3ccc(OCC(=O)Nc4ccc(Br)cc4)cc3)[nH]c2n(CCC)c1=O	6.084	CHEMBL17003
CCCn1c(=O)c2nc(-c3ccc(OCC(=O)Nc4ccccc4C(C)=O)cc3)[nH]c2n(CCC)c1=O	5.5920000000000005	CHEMBL17341
Nc1nc(-c2cccs2)c2c(n1)-c1ccccc1C2=O	2.292	CHEMBL1086846
CNC(=O)c1cc(CSc2nc(N)c(C#N)c(-c3cc(F)cc(F)c3)c2C#N)ccn1	2.907	CHEMBL3927775
Cc1ccccc1-n1nc(C(F)(F)F)c(-c2ccc3nccnc3c2)c1Nc1ccccc1C(=O)O	5.8149999999999995	CHEMBL1258622
CCNc1cc2nc(NCc3cccnc3)nc(C(=O)c3cccs3)c2s1	2.1910000000000003	CHEMBL1080421
COc1ccc(-n2nc3c(NC(=O)CCC(=O)NCCOCCOCCNC(=O)CCCCCNC(=O)COc4ccc(C5=[N+]6C(=Cc7ccc(-c8cccs8)n7[B-]6(F)F)C=C5)cc4)nc4ccccc4n3c2=O)cc1	7.454999999999997	CHEMBL2024150
COP(=O)(OC)OCC(Cc1ccccc1)Nc1nc(Cl)nc2c1ncn2[C@@H]1O[C@H](CO)[C@@H](O)[C@H]1O	0.7619999999999996	CHEMBL2163567
O[C@@H]1[C@@H](CCl)O[C@@H](n2cnc3c(N[C@H]4C[C@@H]5C[C@@H]4C4SC45)ncnc32)[C@@H]1O	1.3969999999999996	CHEMBL258759
CCNC(=O)[C@H]1O[C@@H](n2cnc3c(N)nc(NCCc4ccc(NC(=O)c5cc(C(C)(C)C)c(O)c(C(C)(C)C)c5)cc4)nc32)[C@H](O)[C@@H]1O	5.401	CHEMBL2042302
Cn1cnc2c1c(=O)n(C)c(=O)n2C	1.5519999999999998	caffeine
Nc1nc(-c2ccccn2)nc2sc(Cc3ccccc3)cc12	2.75	CHEMBL2377100
CCn1nnc([C@H]2O[C@@H](n3cnc4c(NC5CCCO5)nc(Cl)nc43)[C@H](O)[C@@H]2O)n1	1.042	CHEMBL3414945
CNC(=O)[C@H]1O[C@@H](n2cnc3c(NCc4cccc(Cl)c4)nc(N)nc32)[C@H](O)[C@@H]1O	1.6650000000000003	CHEMBL3133161
CCOC(=O)c1c(N)sc2c1CCN(C(=O)OC(C)(C)C)C2	1.973	CHEMBL594119
Nc1nc(-c2ccccc2)c2c(n1)-c1cc(Cc3cccnc3)ccc1C2=O	3.7330000000000005	CHEMBL2165807
CNC(=O)c1cc(CSc2nc(N)c(C#N)c(-c3ccc(OCCN)cc3)c2C#N)ccn1	1.7240000000000002	CHEMBL3917744
CCCn1c(=O)c2nc(-c3ccc(OCC(=O)Nc4ccc(Cl)cc4)cc3)[nH]c2n(CCC)c1=O	5.9079999999999995	CHEMBL275427
CCn1nnc([C@H]2O[C@@H](n3cnc4c(NC)nc(Cl)nc43)[C@H](O)[C@@H]2O)n1	0.5519999999999999	CHEMBL3414939
CCNC(=O)[C@H]1O[C@@H](n2cnc3c(N[C@@H]4CCC[C@H]4O)ncnc32)[C@H](O)[C@@H]1O	0.5029999999999999	CHEMBL3770310
OC[C@H]1O[C@@H](n2cnc3c(NC45CC6CC(CC(C6)C4)C5)ncnc32)[C@H](O)[C@@H]1O	1.924	CHEMBL3771290
COc1ccc(Nc2ncnc3c2ncn3[C@@H]2O[C@H](CO)[C@@H](O)[C@H]2O)cc1	0.5269999999999999	CHEMBL1093910
N#Cc1c(N)nc(SCc2cccnc2)c(C#N)c1-c1ccco1	1.7910000000000004	CHEMBL4440752
Cc1ccccc1-c1ccc2c(c1)Cc1sc(N)nc1-2	3.7759999999999994	CHEMBL1181740
COc1ccc(-c2c(C#N)c(N)nc(SCc3csc(-c4ccccc4)n3)c2C#N)cc1	4.727	CHEMBL3613125
CNC(=O)[C@H]1O[C@@H](n2cnc3c(NCC(c4ccccc4)c4ccccc4)nc(N)nc32)[C@H](O)[C@@H]1O	2.6910000000000003	CHEMBL3133080
OC[C@H]1O[C@H]([C@@H]([C@@H]1O)O)n1cnc2c1nc(nc2N)n1ncc(c1)C(=O)NC	-1.2249999999999996	regadenoson
N#Cc1cc(S(=O)(=O)Nc2ncns2)ccc1Oc1ccc(-c2cccc(C(F)(F)F)c2)cc1-c1ccnc(CNCCC2CCNCC2)c1	5.896	CHEMBL4217988
OC[C@H]1O[C@@H](n2cnc3c(NC(C4CCC4)C4CCC4)ncnc32)[C@H](O)[C@@H]1O	1.697	CHEMBL4533718
CCn1nnc([C@H]2O[C@@H](n3cnc4c(NCc5cccs5)ncnc43)[C@H](O)[C@@H]2O)n1	0.6130000000000001	CHEMBL4089741
Cc1cccc(-c2c(C#N)c(N)nc(SCCO)c2C#N)c1	2.561	CHEMBL179300
CC(=O)N1CC[C@@H](Nc2ncnc3c2ncn3[C@@H]2O[C@H](CO)[C@@H](O)[C@H]2O)C1	-1.1270000000000002	CHEMBL391030
CCN(CC)CCOc1ccc2c(c1)-c1nc(N)nc(-c3ccccc3)c1C2=O	3.844000000000001	CHEMBL1087999
CCn1nnc([C@H]2O[C@@H](n3cnc4c(N)ncnc43)[C@H](O)[C@@H]2O)n1	-0.6220000000000001	CHEMBL3414936
N#Cc1c(N)nc(SCCO)c(C#N)c1-c1cccs1	1.186	CHEMBL4582726
CCn1c(=O)n(CC2CC2)c(=O)c2[nH]c(-c3cnn(Cc4cccc(C(F)(F)F)c4)c3)nc21	5.789000000000001	CHEMBL411452
CNC(=O)c1cc(C(C)Sc2nc(N)c(C#N)c(-c3ccc(OCC(F)(F)F)cc3)c2C#N)ccn1	4.218000000000001	CHEMBL3926704
CCN1CCC(N(C)c2ccc3c(c2)-c2nc(N)nc(-c4ccccc4)c2C3=O)CC1	4.258000000000001	CHEMBL1095813
NC(=O)c1ncn([C@H]2[C@H](O)[C@H](O)[C@]3(CO)C[C@H]23)n1	-1.8330000000000004	CHEMBL4473739
CCNC(=O)[C@H]1O[C@@H](n2cnc3c(NCC(c4ccccc4)c4ccccc4)nc(NCCc4ccc(NC(=O)c5cc(C(C)(C)C)cc(C(C)(C)C)c5)cc4)nc32)[C@H](O)[C@@H]1O	10.050000000000002	CHEMBL2042308
O[C@@H]1[C@H](O)[C@@H]2C[C@@H]2[C@H]1n1cnc2c(NC(C3CC3)C3CC3)nc(Cl)nc21	2.178	CHEMBL2012686
COc1ccccc1-c1ccc2c(c1)Cc1sc(N)nc1-2	3.2539999999999996	CHEMBL1181835
CCNC(=O)[C@H]1O[C@@H](n2cnc3c(NCCCCCCCCNC(=O)COc4ccc(/C=C/C5=[N+]6C(=Cc7ccc(-c8cccs8)n7[B-]6(F)F)C=C5)cc4)ncnc32)[C@H](O)[C@@H]1O	8.127	CHEMBL2413233
CCCn1c(Oc2cccc(C(F)(F)F)c2)nc2nc(C3CCCC3)[nH]c2c1=O	6.359	CHEMBL4084453
CNC(=O)c1cc(CSc2nc(N)c(C#N)c(-c3ccc(OCC(C)(C)O)cc3)c2C#N)ccn1	2.6680000000000006	CHEMBL3935252
CCCCNc1nc(N)nc2c1ncn2[C@@H]1O[C@H](C(=O)NC)[C@@H](O)[C@H]1O	0.6830000000000003	CHEMBL3133156
O=C(NCCCCCCNc1ncnc2c1ncn2[C@@H]1O[C@H](CO)[C@@H](O)[C@H]1O)c1ccc(-c2scc(C(=O)c3ccccc3)c2-c2cccc(C(F)(F)F)c2)cc1	6.952	CHEMBL4105473
COc1cccc(-c2nc(N)c3cc(Cc4ccccc4)sc3n2)c1	3.828000000000001	CHEMBL2377099
CCCn1c(=O)c2nc(NC3CCCCC3)[nH]c2n(CCC)c1=O	4.646000000000001	CHEMBL59529
N#Cc1cncc(Cc2ccc3c(c2)-c2nc(N)nc(-c4ccccc4)c2C3=O)c1	3.456000000000001	CHEMBL2165808
Nc1nc(-c2ccc(F)cc2)c2c(n1)-c1c(CN3CCOCC3)cccc1C2=O	2.7419999999999995	CHEMBL1087463
OC[C@H]1O[C@@H](n2cnc3c(N[C@H]4CC5CC4C4OC54)ncnc32)[C@H](O)[C@@H]1O	-0.48299999999999993	CHEMBL2364570
CCCn1c(=O)c2nc(-c3ccc(OCC(=O)Nc4ccc(C(=O)O)cc4)cc3)[nH]c2n(CCC)c1=O	4.901	CHEMBL16931
CCNC(=O)[C@H]1O[C@@H](n2cnc3c(N)nc(NCCc4ccc(Br)cc4)nc32)[C@H](O)[C@@H]1O	2.422	CHEMBL2042300
OCCOc1ccc(cc1)c1c(C#N)c(SCc2csc(n2)c2ccc(cc2)Cl)nc(c1C#N)N	4.64	capadenoson
Nc1nc2c(s1)Cc1cc(-c3cccc([N+](=O)[O-])c3)ccc1-2	3.2310000000000003	CHEMBL1626850
N#Cc1c(-c2ccccc2)nc(NC(=O)C2CCCC2)nc1-c1ccccc1	4.835999999999999	CHEMBL259704
CCn1nnc([C@H]2O[C@@H](n3cnc4c(NCc5cccc(Cl)c5)ncnc43)[C@H](O)[C@@H]2O)n1	2.1729999999999996	CHEMBL4071338
CCCNC[C@H]1O[C@@H](n2cnc3c(N[C@H]4C[C@H]5CC[C@H]4C5)ncnc32)[C@H](O)[C@@H]1O	1.8739999999999997	CHEMBL411279
CNC(=O)c1cc(CSc2ncc(C#N)c(-c3ccc(OC)cc3)c2C#N)ccn1	2.5890000000000004	CHEMBL3903897
CCN(CC)CCN1CCN(C(=O)CCc2cccc(CSc3nc(N)c(C#N)c(-c4ccc(NC(C)=O)cc4)n3)n2)CC1	1.7180000000000013	CHEMBL3235280
OC[C@H]1O[C@@H](n2cnc3c(NCc4cccc(I)c4)ncnc32)[C@H](O)[C@@H]1O	1.8239999999999998	CHEMBL66393
Nc1sc(-c2ccc(C(=O)NCCCCCNc3ncnc4c3ncn4[C@@H]3O[C@H](CO)[C@@H](O)[C@H]3O)cc2)c(-c2cccc(C(F)(F)F)c2)c1C(=O)c1ccccc1	6.198	CHEMBL4063841
CCn1nnc([C@H]2O[C@@H](n3cnc4c(NCc5cccc(Cl)c5)nc(Cl)nc43)[C@H](O)[C@@H]2O)n1	2.8839999999999995	CHEMBL4098377
CNC(=O)c1cc(CSc2nc(N)c(C#N)c(-c3ccc(OCCNC(=O)[C@H](C)N)cc3)c2C#N)ccn1	1.4220000000000002	CHEMBL3942193
C[Se]C[C@H]1O[C@@H](n2cnc3c(N[C@H]4C[C@@H]5C[C@@H]4C4SC45)ncnc32)[C@H](O)[C@@H]1O	1.4129999999999991	CHEMBL412104
N#Cc1c(N)nc(SCc2ccccn2)c(C#N)c1-c1ccco1	1.88	CHEMBL4447663
N#Cc1c(N)nc(SCc2cccc(C(=O)NC[C@@H](O)CO)c2)c(C#N)c1-c1ccc(F)cc1	2.5280000000000005	CHEMBL4113450
CN(C)CCN(C)C(=O)c1ccc2c(c1)-c1nc(N)nc(-c3ccccc3)c1C2=O	2.6300000000000003	CHEMBL1088259
OC[C@@H]1O[C@H](n2cnc3c(NC4CC5CC4[C@@H]4O[C@H]54)ncnc32)[C@@H](O)[C@H]1O	-0.48299999999999993	CHEMBL2112185
Nc1nc(c2ccco2)c2c(n1)n(nn2)Cc1ccc(c(c1)C)N	1.1980000000000002	vipadenant
CCSC[C@H]1O[C@@H](n2cnc3c(NC4CCCC4)ncnc32)[C@H](O)[C@@H]1O	1.9790000000000003	CHEMBL263643
COc1ccc(-c2ccc3c(c2)Cc2sc(N)nc2-3)c(OC)c1OC	2.816	CHEMBL1181777
Nc1sc2c(c1C(=O)c1ccc(Cl)c(Cl)c1)CCN(CCCCCOc1ccc(Nc3ncnc4c3ncn4[C@@H]3O[C@H](CO)[C@@H](O)[C@H]3O)cc1)C2	4.543	CHEMBL1090683
CNC(=O)c1cc(CSc2nc(N)c(C#N)c(-c3ccc(F)c(C(F)(F)F)c3)c2C#N)ccn1	3.671	CHEMBL3896255
Cc1ccc(-c2nc(N)c3cc(CCc4ccccc4)sc3n2)o1	3.0180000000000002	CHEMBL2377108
CCNC(=O)[C@H]1O[C@@H](n2cnc3c(NCCCCNC(=O)CCCCCNC(=O)CCC4=CC5Cc6c(C)cc(C)n6[B-](F)(F)[N+]5=C4)ncnc32)[C@H](O)[C@@H]1O	2.9879999999999995	CHEMBL2414812
CCN(CC)Cc1cccc2c1-c1nc(N)nc(-c3ccccc3)c1C2=O	3.827000000000001	CHEMBL1087700
CC(C)n1cc(-c2ncc(N)nc2-c2ccc(F)cc2)ccc1=O	3.7990000000000004	CHEMBL2165804
CNC(=O)[C@]12C[C@@H]1[C@@H](n1cnc3c(NC4CCCC4)nc(Cl)nc31)[C@H](O)[C@@H]2O	1.5279999999999998	CHEMBL573937
Nc1nc(-c2ccccc2)c2c(n1)-c1c(CN3CCCCCC3)cccc1C2=O	4.203000000000001	CHEMBL1087820
CNC(=O)c1cc(COc2nc(N)c(C#N)c(-c3ccc(F)cc3)c2C#N)ccn1	2.8230000000000004	CHEMBL3978445
c1ccc(-c2nc(-c3ccccc3)c3nc(C4CCCCC4)nc-3[nH]2)cc1	5.988	CHEMBL207529
CNC(=O)c1cc(CSc2nc(N)c(C#N)c(-c3ccc(OS(=O)(=O)N(C)C)cc3)c2C#N)ccn1	0.8269999999999998	CHEMBL3962333
CCn1nnc([C@H]2O[C@@H](n3cnc4c(NCc5cccs5)nc(Cl)nc43)[C@H](O)[C@@H]2O)n1	1.324	CHEMBL4076561
CCCn1c(Oc2ccc(F)c(F)c2)nc2nc(C3CCCC3)[nH]c2c1=O	5.756000000000001	CHEMBL4074150
Nc1nc(-c2ccccc2)c2c(n1)-c1cc(CNN3CCCC3)ccc1C2=O	3.4130000000000003	CHEMBL1099368
CS(=O)(=O)Nc1cccc(CSc2nc(N)c(C#N)c(-c3ccc(F)cc3)c2C#N)c1	3.7440000000000007	CHEMBL3975739
Nc1nc(-c2ccccc2)c2c(n1)-c1cc(OCCN3CCOCC3)ccc1C2=O	2.5980000000000003	CHEMBL1095488
CC(C)(C)OC(=O)N1CC[C@@H](Nc2ncnc3c2ncn3[C@@H]2O[C@H](CO)[C@@H](O)[C@H]2O)C1	0.34399999999999986	CHEMBL240277
CC1CC[C@@H](C)N1Cc1ccc2c(c1)-c1nc(N)nc(-c3ccccc3)c1C2=O	4.407	CHEMBL2165805
CNC(=O)c1cc(CSc2nc(N(C)CCO)c(C#N)c(-c3ccccc3)c2C#N)ccn1	2.9020000000000006	CHEMBL3951148
OC[C@H]1O[C@@H](Cn2cnc3c(NC4CC5CCC4O5)ncnc32)[C@H](O)[C@@H]1O	-0.516	CHEMBL3144085
CCOC(=O)c1c(N)sc2c1CCN(Cc1ccccc1)C2	2.423	TINORIDINE
Nc1nc2c(s1)Cc1cc(-c3ccccc3F)ccc1-2	3.5	CHEMBL1181763
O[C@@H]1[C@@H](CCl)O[C@@H](n2cnc3c(N[C@@H]4CCOC4)nc(Cl)nc32)[C@@H]1O	0.7969999999999998	CHEMBL4103712
Nc1nc(-c2ccc(Cl)cc2)c2c(n1)-c1ccccc1C2=O	3.8520000000000003	CHEMBL1096998
OCC(Cc1ccccc1)Nc1nc(Cl)nc2c1ncn2[C@@H]1O[C@H](CO)[C@@H](O)[C@H]1O	0.9529999999999994	CHEMBL2163565
O=C(OCc1ccccc1)N1CC[C@@H](Nc2ncnc3c2ncn3[C@@H]2O[C@H](CO)[C@@H](O)[C@H]2O)C1	0.7539999999999991	CHEMBL240278
COc1ccc(-n2nc3c(NC(=O)CCC(=O)NCCOCCOCCNC(=O)CCCCCNC(=O)COc4ccc(/C=C/C5=[N+]6C(=Cc7ccc(-c8cccs8)n7[B-]6(F)F)C=C5)cc4)nc4ccccc4n3c2=O)cc1	7.726999999999998	CHEMBL2024149
Nc1nc(-c2ccc(F)cc2)c2c(n1)-c1cc(OCCN3CCCC3)ccc1C2=O	3.665	CHEMBL1087081
CNC(=O)c1cc(CSc2nc(N)c(C#N)c(-c3ccc(OC)cc3OC)c2C#N)ccn1	2.415	CHEMBL3966900
COP(=O)(OC)OC[C@H]1O[C@@H](n2cnc3c(NC4CCCC4)ncnc32)[C@H](O)[C@@H]1O	-0.3150000000000002	CHEMBL2163559
Cn1cnc(-c2nc(N)c3cc(Cc4ccccc4)sc3n2)c1	2.481	CHEMBL2377085
CCCn1c2nc([nH]c2c(=O)n(c1=O)CCC)c1ccc(cc1)/C=C/C(=O)O	4.949000000000001	BW-A1433
CCCn1c(=O)c2nc(C3CCC(N)CC3)[nH]c2n(CCC)c1=O	3.0989999999999998	CHEMBL58879
COc1ccccc1-c1nc(N)nc2c1C(=O)c1ccccc1-2	3.145	CHEMBL1087869
N#Cc1c(N)nc(SCCO)c(C#N)c1-c1cccc(F)c1	2.285	CHEMBL179198
CC(Sc1nc(N)c(C#N)c(-c2ccc(OCCO)cc2)c1C#N)c1cccc(C(N)=O)c1	2.729	CHEMBL3933888
O=C(NCCCCCCNc1ncnc2c1ncn2[C@@H]1O[C@H](CO)[C@@H](O)[C@H]1O)c1ccc(-c2sccc2-c2cccc(C(F)(F)F)c2)cc1	5.48	CHEMBL4089092
O[C@@H]1[C@@H](CCl)O[C@@H](n2cnc3c(N[C@H]4C[C@H]5CC[C@H]4C5)ncnc32)[C@@H]1O	1.8150000000000002	CHEMBL427737
CSC[C@H]1O[C@@H](n2cnc3c(N[C@H]4C[C@H]5CC[C@H]4C5)ncnc32)[C@H](O)[C@@H]1O	2.0860000000000003	CHEMBL258489
COc1ccccc1Cc1cc2c(N)nc(-c3ccc(C)o3)nc2s1	2.764	CHEMBL2377109
CCNC(=O)[C@H]1O[C@@H](n2cnc3c(NCCCCNC(=O)COc4ccc(/C=C/C5=[N+]6C(=Cc7ccc(-c8cccs8)n7[B-]6(F)F)C=C5)cc4)ncnc32)[C@H](O)[C@@H]1O	6.273000000000001	CHEMBL2413232
OC[C@H]1O[C@@H](n2cnc3c(N[C@@H]4CCC[C@H]4OCc4ccccc4)ncnc32)[C@H](O)[C@@H]1O	1.504	CHEMBL3771208
CNC(=O)[C@H]1O[C@@H](n2cnc3c(NCCc4ccccc4)nc(N)nc32)[C@H](O)[C@@H]1O	1.2009999999999998	CHEMBL3133079
CCn1nnc([C@H]2O[C@@H](n3cnc4c(NCc5cccc(I)c5)ncnc43)[C@H](O)[C@@H]2O)n1	2.6189999999999998	CHEMBL4078479
Nc1sc2c(c1C(=O)c1ccc(Cl)c(Cl)c1)CCN(CCCCCCCCCOc1ccc(Nc3ncnc4c3ncn4[C@@H]3O[C@H](CO)[C@@H](O)[C@H]3O)cc1)C2	6.6080000000000005	CHEMBL1090687
CNC(=O)c1cc(COc2nc(N3CC(O)C3)c(C#N)c(-c3ccccc3)c2C#N)ccn1	2.9260000000000006	CHEMBL3962008
CNC(=O)c1cc(CSc2nc(N)c(C#N)c(-c3ccc(NC)cc3)c2C#N)ccn1	2.231	CHEMBL3986152
Nc1sc(-c2cncnc2)cc1C(=O)c1ccc(Cl)cc1	2.429	CHEMBL1243257
Nc1nc(-c2ccc(Cl)o2)c2c(n1)-c1ccccc1C2=O	2.562	CHEMBL1097494
OC[C@H]1O[C@H]([C@@H]([C@@H]1O)O)n1cnc2c1ncnc2N[C@H]1COCC1	-0.9590000000000001	tecadenoson
Nc1nc(CCCc2ccccc2O)nc2cn(-c3ccccc3)nc12	3.503	CHEMBL3317578
OC[C@H]1O[C@@H](n2cnc3c(NC4CC5CCC4N5)ncnc32)[C@H](O)[C@@H]1O	-0.575	CHEMBL391031
CCNC(=O)[C@H]1O[C@@H](n2cnc3c(NC4C5CC6CC(C5)CC4C6)ncnc32)[C@H](O)[C@@H]1O	2.603	CHEMBL3771184
O=C(NCCCCCCNc1ncnc2c1ncn2[C@@H]1O[C@H](CO)[C@@H](O)[C@H]1O)c1cccc(-c2cc(C(=O)c3ccccc3)cs2)c1	4.169	CHEMBL4078771
N#Cc1cccc(CSc2nc(N)c(C#N)c(-c3ccco3)c2C#N)c1	2.7660000000000013	CHEMBL4521115
N#Cc1c(NC(=O)C2CCCC2)nc(-c2ccccc2)nc1-c1ccc2c(c1)OCO2	4.325000000000001	CHEMBL260396
Cc1ccc(-c2nc(N)c3cc(Cc4ccccc4Cl)sc3n2)o1	3.4709999999999996	CHEMBL2377110
Nc1nc(-c2ccccc2)c2c(n1)-c1cc(NCCc3ccccn3)ccc1C2=O	3.581000000000001	CHEMBL1098765
CNC(=O)[C@H]1O[C@@H](n2cnc3c(NCc4ccccc4)nc(N)nc32)[C@H](O)[C@@H]1O	1.0430000000000001	CHEMBL3133160
CC(=O)Nc1sc(-c2ccc(C(=O)NCCCCCCNc3ncnc4c3ncn4[C@@H]3O[C@H](CO)[C@@H](O)[C@H]3O)cc2)c(-c2cccc(C(F)(F)F)c2)c1C(=O)c1ccccc1	6.627	CHEMBL4076565
N#Cc1c(N)nc(SCc2csc(-c3ccc(Cl)cc3)n2)nc1-c1ccc2c(c1)OCO2	4.248000000000001	CHEMBL3234945
CCNC(=O)[C@H]1O[C@@H](n2cnc3c(NCCCNC(=O)CCCCCNC(=O)COc4ccc(/C=C/C5=[N+]6C(=Cc7ccc(-c8cccs8)n7[B-]6(F)F)C=C5)cc4)ncnc32)[C@H](O)[C@@H]1O	6.319000000000002	CHEMBL412931
CCn1nnc([C@H]2O[C@@H](n3cnc4c(NCc5ccco5)nc(Cl)nc43)[C@H](O)[C@@H]2O)n1	0.9589999999999999	CHEMBL4086325
Cc1nc2c(N)nc(NCCc3cccs3)nc2s1	0.801	CHEMBL4126427
CNC(=O)c1cc(CSc2nc(NC[C@H](O)CO)c(C#N)c(-c3ccccc3)c2C#N)ccn1	2.096	CHEMBL3965792
N#Cc1c(N)nc(SCc2ccnc(C(=O)NC3CC3)c2)c(C#N)c1-c1ccccc1	3.1280000000000006	CHEMBL3966416
CCCn1c(-c2cccc(O)c2)nc2nc(C3CCCC3)[nH]c2c1=O	4.848000000000002	CHEMBL4092832
CCn1nnc([C@H]2O[C@@H](n3cnc4c(NCC5CC5)nc(Cl)nc43)[C@H](O)[C@@H]2O)n1	1.2899999999999998	CHEMBL4105164
CCn1nnc([C@H]2O[C@@H](n3cnc4c(Nc5ccc(Cl)cc5F)ncnc43)[C@H](O)[C@@H]2O)n1	2.19	CHEMBL3414946
CCn1nnc([C@H]2O[C@@H](n3cnc4c(NCc5cccc(F)c5)nc(Cl)nc43)[C@H](O)[C@@H]2O)n1	2.423	CHEMBL4079433
COc1ccc(Nc2c(-c3ccc(F)cc3)c(C)nn2-c2ccccc2C)c(C(=O)O)c1	6.252000000000001	CHEMBL1257826
CNC(=O)c1cccc(CSc2nc(N3CC[C@@H](O)C3)c(C#N)c(-c3ccc(OCCO)cc3)c2C#N)c1	3.576000000000001	CHEMBL4106705
CCCn1c(=O)c2nc(N3CCCC3)[nH]c2n(CCC)c1=O	4.007000000000001	CHEMBL417770
OC[C@@]12C[C@@H]1[C@@H](n1cnc3c(NC4CCCC4)nc(Cl)nc31)[C@H](O)[C@@H]2O	1.616	CHEMBL284216
CCn1nnc([C@H]2O[C@@H](n3cnc4c(NC5CCCO5)ncnc43)[C@H](O)[C@@H]2O)n1	0.3310000000000001	CHEMBL3414944
Nc1nc(-c2cnco2)nc2sc(Cc3ccccc3)cc12	1.756	CHEMBL2377229
CCN(CC)CCN(C)C(=O)c1ccc2c(c1)-c1nc(N)nc(-c3ccccc3)c1C2=O	3.4760000000000004	CHEMBL1088260
CCNC(=O)[C@H]1O[C@@H](n2cnc3c(NCC(c4ccccc4)c4ccccc4)nc(NCCc4ccc(N)cc4)nc32)[C@H](O)[C@@H]1O	4.628	CHEMBL2042306
CC1CCC(C)N1Cc1cccc2c1-c1nc(N)nc(-c3ccccc3)c1C2=O	4.407	CHEMBL1087711
CCNC(=O)[C@H]1O[C@@H](n2cnc3c(N)nc(NCCc4ccccc4)nc32)[C@H](O)[C@@H]1O	1.6239999999999999	CHEMBL2042298
Nc1sc(-c2cccc(C(=O)NCCCCCCNc3ncnc4c3ncn4[C@@H]3O[C@H](CO)[C@@H](O)[C@H]3O)c2)c(-c2cccc(C(F)(F)F)c2)c1C(=O)c1ccccc1	6.556	CHEMBL4101850
CNC(=O)[C@H]1O[C@@H](n2cnc3c(NC)nc(N)nc32)[C@H](O)[C@@H]1O	-0.6670000000000003	CHEMBL3133153
Nc1nc(-c2cccnc2)nc2sc(Cc3ccccc3)cc12	2.661	CHEMBL2377101
Nc1nc(-c2ccccc2)c2c(n1)-c1cc(CNCc3ccco3)ccc1C2=O	3.149	CHEMBL1087714
CCCn1c2nc([nH]c2c(=O)n(c1=O)CCC)c1ccc(cc1)OCC(=O)Nc1ccc(cc1)C#N	5.4380000000000015	MRS1754
N#Cc1cccc(-c2nc(N)c3cc(Cc4ccccc4Cl)sc3n2)c1	4.258000000000002	CHEMBL2377092
COc1ccccc1Cc1cc2c(N)nc(-c3nc(C)cs3)nc2s1	2.5829999999999997	CHEMBL2377231
OC[C@H]1O[C@@H](n2cnc3c(Nc4ccc(CN=C=S)cc4)ncnc32)[C@H](O)[C@@H]1O	1.4060000000000001	CHEMBL4741079
CCCn1c(=O)c2nc(-c3ccc(OCC(=O)NCc4ccccc4)cc3)[nH]c2n(CCC)c1=O	5.43	CHEMBL275605
CCCn1c(OC2CCC(O)C2)nc2nc(C3CCCC3)[nH]c2c1=O	4.097000000000001	CHEMBL4068469
CCNC(=O)[C@H]1O[C@@H](n2cnc3c(N)nc(NCCc4ccc(NC(=O)CCCC[C@H]5CCSS5)cc4)nc32)[C@H](O)[C@@H]1O	3.0299999999999994	CHEMBL2042303
CCNC(=O)[C@H]1O[C@H]([C@@H]([C@@H]1O)O)n1cnc2c1nc(NCCc1ccc(cc1)CCC(=O)O)nc2N	1.2199999999999998	CGS 21680
CCNC(=O)[C@H]1O[C@@H](n2cnc3c(NCCCCCCCCCCCNC(=O)COc4ccc(/C=C/C5=[N+]6C(=Cc7ccc(-c8cccs8)n7[B-]6(F)F)C=C5)cc4)ncnc32)[C@H](O)[C@@H]1O	9.833999999999996	CHEMBL2413234
CNC(=O)c1cc(CSc2nc(NCC(O)C(F)(F)F)c(C#N)c(-c3ccccc3)c2C#N)ccn1	3.8010000000000015	CHEMBL3956764
N#Cc1c(N)nc(SCc2csc(-c3ccc(Cl)cc3)n2)nc1-c1ccc(OCCO)cc1	3.965000000000001	CHEMBL3234936
CCNC(=O)[C@H]1O[C@@H](n2cnc3c(NC45CC6CC(CC(C6)C4)C5)ncnc32)[C@H](O)[C@@H]1O	2.723	CHEMBL3770664
O=C(OCc1ccccc1)N1[C@H]2CC[C@H]1[C@H](Nc1ncnc3c1ncn3[C@@H]1O[C@H](CO)[C@@H](O)[C@H]1O)C2	1.3339999999999992	CHEMBL240487
Nc1nc(-c2ncccn2)nc2sc(Cc3ccccc3)cc12	1.7090000000000003	CHEMBL2377104
CC(C)N1CCN(C(=O)c2ccc3c(c2)-c2nc(N)nc(-c4ccccc4)c2C3=O)CC1	3.3030000000000004	CHEMBL1087086
O=C1CC2CC(Nc3ncnc4c3ncn4C[C@@H]3O[C@H](CO)[C@@H](O)[C@H]3O)C1C2	-1.021	CHEMBL3144087
CNC(=O)c1cc(CSc2nc(N)c(C#N)c(-c3ccc(F)c(OC)c3)c2C#N)ccn1	2.661	CHEMBL3952679
Nc1cc(-c2cccc(C(F)(F)F)c2)c(-c2ccc(C(=O)NCCCCCCNc3ncnc4c3ncn4[C@@H]3O[C@H](CO)[C@@H](O)[C@H]3O)cc2)s1	4.654999999999999	CHEMBL4081224
Nc1nc(-c2ccccc2)c2c(n1)-c1cc(N3CCOCC3)ccc1C2=O	3.1590000000000007	CHEMBL1095822
Nc1nc(-c2cnccn2)nc2sc(Cc3ccccc3)cc12	1.498	CHEMBL2377103
CCc1cc2nc(NCc3cccnc3)nc(C(=O)c3cccs3)c2s1	2.2340000000000004	CHEMBL3952824
CCCn1c(=O)c2nc(C3CCC(CN)CC3)[nH]c2n(CCC)c1=O	3.294	CHEMBL56409
CCNC(=O)[C@H]1O[C@@H](n2cnc3c(NCCCCNC(=O)CCCCCNC(=O)COc4ccc(/C=C/C5=[N+]6C(=Cc7ccc(-c8cccs8)n7[B-]6(F)F)C=C5)cc4)ncnc32)[C@H](O)[C@@H]1O	6.6770000000000005	CHEMBL414055
CN(C)c1cc2nc(NCc3cccnc3)nc(C(=O)c3cccs3)c2s1	2.3309999999999995	CHEMBL1081160
COc1cccc(-c2ccc3c(c2)Cc2sc(N)nc2-3)c1	3.254	CHEMBL1181836
CCNC(=O)[C@H]1O[C@@H](n2cnc3c(NCC(c4ccccc4)c4ccccc4)nc(NCCc4ccccc4)nc32)[C@H](O)[C@@H]1O	5.445	CHEMBL2042305
N#Cc1c(N)nc(SCCO)c(C#N)c1-c1ccoc1	0.729	CHEMBL4472401
Nc1sc(-c2ccc(C(=O)NCCCCCCNc3ncnc4c3ncn4[C@@H]3O[C@H](CO)[C@@H](O)[C@H]3O)cc2)cc1C(=O)c1ccccc1	3.7729999999999997	CHEMBL4076495
Cc1cc(C)n(C[C@H]2O[C@@H](n3cnc4c(NC5CCCC5)nc(Cl)nc43)[C@H](O)[C@@H]2O)n1	2.0999999999999996	CHEMBL4088238
N#Cc1c(N)nc(SCc2csc(-c3ccc(I)cc3)n2)nc1-c1ccc2c(c1)OCO2	4.694000000000001	CHEMBL3234955
CCCn1c(=O)c2nc(-c3ccc(OCC(=O)Nc4ccccc4)cc3)[nH]c2n(CCC)c1=O	5.286	CHEMBL16677
CCn1nnc([C@H]2O[C@@H](n3cnc4c(N[C@H]5C[C@@H]6CC[C@@H]5C6)nc(Cl)nc43)[C@H](O)[C@@H]2O)n1	2.276	CHEMBL3414943
COc1ccc(-c2c(C#N)c(N)nc(SCc3csc(-c4ccc(Cl)cc4)n3)c2C#N)cc1	5.348999999999999	CHEMBL3613119
CC(C)Cn1c(Br)nc2c(N)ncnc21	1.8530000000000002	CHEMBL474207
CNC(=O)c1cc(CSc2nc(N)c(C#N)c(-c3ccc(F)c(F)c3)c2C#N)ccn1	2.907	CHEMBL3920083
O=C(NCCCCCCNc1ncnc2c1ncn2[C@@H]1O[C@H](CO)[C@@H](O)[C@H]1O)c1cccc(-c2cccs2)c1	2.6969999999999996	CHEMBL4086624
CCCn1c(=O)[nH]c2nc(-c3ccc(S(=O)(=O)N4CCN(Cc5ccccc5)CC4)cc3)[nH]c2c1=O	4.085000000000002	CHEMBL212625
OC[C@H]1O[C@@H](n2cnc3c(Nc4ccc(CNC(=S)Nc5ccc(N=C=S)cc5)cc4)ncnc32)[C@H](O)[C@@H]1O	3.428	CHEMBL4746617
Cc1ccccc1-n1ncc(-c2ccc3nccnc3c2)c1Nc1ccccc1C(=O)O	4.9350000000000005	CHEMBL1258731
CCn1nnc([C@H]2O[C@@H](n3cnc4c(NCC5CC5)ncnc43)[C@H](O)[C@@H]2O)n1	0.5789999999999998	CHEMBL4087306
C=CCn1c(=O)c2nc(-c3ccc(OCC(=O)O)cc3)[nH]c2n(CC=C)c1=O	3.198	CHEMBL16724
Nc1sc(-c2ccc(C(=O)NCCCCCCNc3nc(Cl)nc4c3ncn4[C@@H]3O[C@H](CO)[C@@H](O)[C@H]3O)cc2)c(-c2cccc(C(F)(F)F)c2)c1C(=O)c1ccccc1	7.2669999999999995	CHEMBL4077152
C[C@H]1CCC[C@@H](C)N1Cc1cc2c(N)nc(-c3ccco3)nc2s1	2.3930000000000002	CHEMBL3222062
CCCn1c(=O)c2nc(CC3CCCC3)[nH]c2n(CCC)c1=O	5.043999999999999	CHEMBL157833
Nc1nc(-c2ccccc2)c2c(n1)-c1cc(Cc3ccncc3F)ccc1C2=O	3.894	CHEMBL2165800
N#Cc1cnc(SCc2cccc(C(=O)O)c2)c(C#N)c1-c1ccccc1	4.047000000000001	CHEMBL3907703
Cc1csc(-c2nc(N)c3cc(Cc4ccccc4Cl)sc3n2)n1	3.290000000000001	CHEMBL2377232
Cc1csc(-c2nc(N)c3cc(C(C)c4ccccc4)sc3n2)n1	2.882000000000001	CHEMBL2377234
Nc1ncnc2c1ncn2[C@@H]1O[C@H](COP(=O)(O)O)[C@@H](O)[C@H]1O	-3.0750000000000006	ADENOSINE PHOSPHATE
OC[C@H]1OC(n2cnc3c(NC4CC5C=CC4O5)ncnc32)[C@H](O)[C@@H]1O	-0.36300000000000004	CHEMBL608220
Nc1nc(-c2ccc(F)cc2)c2c(n1)-c1cc(OCCN3C4CCC3CC4)ccc1C2=O	4.245	CHEMBL1094846
Nc1nc(-c2ccccc2)c2c(n1)-c1cc(OCCN3CCCC3)ccc1C2=O	3.5040000000000004	CHEMBL1095490
N#Cc1c(N)nc2c(c1-c1ccc3c(c1)OCO3)CCCC2	2.7509999999999994	CHEMBL4471671
CCSC[C@H]1O[C@@H](n2cnc3c(N[C@H]4C[C@H]5CC[C@H]4C5)ncnc32)[C@H](O)[C@@H]1O	2.444	CHEMBL260631
O=c1[nH]c(N2CCCC2)nc2nccc(-c3ccc(Cl)cc3)c12	4.214	CHEMBL4453937
CCOC(=O)c1c(N)sc2c1CCN(C(=O)[C@@H](Cc1ccc(Cl)cc1)N(C)C(=O)OC(C)(C)C)C2	3.88	CHEMBL595981
Nc1nc(-c2ccco2)nc2sc(CN3CCOCC3)cc12	0.2089999999999999	CHEMBL3222055
CS(=O)(=O)Nc1cccc(CSc2nc(N)c(C#N)c(-c3ccc(F)c(F)c3)c2C#N)c1	3.905	CHEMBL3911979
CCOC(=O)c1nn(-c2ccc(O)cc2)c(=O)c2c(N)scc12	2.341	CHEMBL452468
Nc1nc(-c2ccccc2)c2c(n1)-c1cc(CN3C4CCC3CC4)ccc1C2=O	4.067	CHEMBL2165806
Cc1cc(C)n(C[C@H]2O[C@@H](n3cnc4c(NC5CC6CCC5C6)nc(Cl)nc43)[C@H](O)[C@@H]2O)n1	2.5649999999999995	CHEMBL4068787
CCN1CCN(C(=O)c2ccc3c(c2)-c2nc(N)nc(-c4ccccc4)c2C3=O)CC1	2.8430000000000004	CHEMBL1087084
Nc1nc(-c2ccccc2)nc2sc(-c3ccccc3)cc12	4.098000000000001	CHEMBL2377087
CCn1nnc([C@H]2O[C@@H](n3cnc4c(NCc5ccccc5I)nc(Cl)nc43)[C@H](O)[C@@H]2O)n1	3.33	CHEMBL3414948
Cc1cccc(-c2nc3c(NC4CCCC4)ncnc3n2C)c1	4.079	CHEMBL4170850
CC(C)(C)OC(=O)N1[C@H]2CC[C@H]1[C@H](Nc1ncnc3c1ncn3[C@@H]1O[C@H](CO)[C@@H](O)[C@H]1O)C2	0.9239999999999998	CHEMBL240279
N#Cc1ccc(Cn2nnc3c(-c4ccco4)nc(N)nc32)cc1	1.512	CHEMBL461007
O=C(c1cccs1)c1nc(NCc2cccnc2)nc2cc(NCc3cccnc3)sc12	2.2259999999999995	CHEMBL3922797
N#Cc1cnc(SCc2cccc(C(N)=O)c2)c(C#N)c1-c1ccccc1	3.319000000000001	CHEMBL3891469
CN1CCN(Cc2cccc3c2-c2nc(N)nc(-c4ccccc4)c2C3=O)CC1	2.6240000000000006	CHEMBL1087702
N#Cc1c(N)nc(SCc2cccc(C(N)=O)c2)c(C#N)c1-c1ccco1	1.9300000000000006	CHEMBL4581984
Nc1ccc(-c2cccc(C(=O)NCCCCCCNc3ncnc4c3ncn4[C@@H]3O[C@H](CO)[C@@H](O)[C@H]3O)c2)s1	1.8720000000000003	CHEMBL4096796
COc1cccc(-c2nc(N)nc3c2C(=O)c2ccccc2-3)c1	3.145	CHEMBL1086978
COc1ccc(-c2nc(CSc3nc(N)c(C#N)c(-c4ccc5c(c4)OCO5)n3)cs2)cc1	3.5410000000000013	CHEMBL3234952
Nc1nc(-c2ccccc2)c2c(n1)-c1cc(N3CCN(CC4CC4)CC3)ccc1C2=O	3.9400000000000013	CHEMBL1094547
CNC(=O)c1cc(CSc2ncc(C#N)c(-c3ccccc3)c2C#N)ccn1	2.6740000000000004	CHEMBL3949217
CCCn1c(=O)c2nc(C3CCC3C(=O)O)[nH]c2n(CCC)c1=O	2.532	CHEMBL58380
N#Cc1c(N)nc(SCc2csc(-c3ccc(Br)cc3)n2)nc1-c1ccc2c(c1)OCO2	4.424000000000001	CHEMBL3234954
Nc1nc(-c2nccs2)c2c(n1)-c1ccccc1C2=O	1.4349999999999996	CHEMBL1086847
CCCn1c(-c2cccc(OC)c2)nc2nc(C3CCCC3)[nH]c2c1=O	5.169000000000002	CHEMBL4065762
CCn1nnc([C@H]2O[C@@H](n3cnc4c(NC5CC5)nc(Cl)nc43)[C@H](O)[C@@H]2O)n1	1.095	CHEMBL3414941
Nc1nc(-c2ncco2)nc2sc(Cc3ccccc3)cc12	1.756	CHEMBL2377228
Cn1c(-c2ccccc2)nc2c(NC3CCCC3)ncnc21	3.6420000000000012	CHEMBL4175366
CCCn1c2nc([nH]c2c(=O)n(c1=O)CCC)c1cc(nn1C)OCC(=O)Nc1ccc2c(c1)OCO2	4.117000000000003	MRE 2029F20
CCCn1c(=O)c2nc(-c3ccc(OCC(=O)Nc4ccc(C(=O)OC)cc4)cc3)[nH]c2n(CCC)c1=O	5.2219999999999995	CHEMBL16741
Cc1ccc(-c2nc3c(NC4CCCC4)ncnc3n2C)cc1	4.079000000000001	CHEMBL4170460
COc1ccc(Nc2c(-c3ccc4c(c3)OCCO4)c(C)nn2-c2ccccc2C)c(C(=O)O)c1	5.4430000000000005	CHEMBL1258169
COc1ccccc1Cc1cc2c(N)nc(-c3ccc(C(F)F)o3)nc2s1	3.141	CHEMBL2377226
N#Cc1c(N)nc(SCCO)c(C#N)c1-c1ccco1	0.8240000000000001	CHEMBL4568832
Nc1nc(-c2ccco2)c2c(n1)-c1ccccc1C2=O	1.9299999999999997	CHEMBL1095999
Nc1ncnc2c1ncn2[C@@H]1O[C@H](C(=O)NC2CCC2)[C@@H](O)[C@H]1O	-0.569	CHEMBL2070507
CCCn1c(=O)c2nc(C3CCC(C(=O)OC)CC3)[nH]c2n(CCC)c1=O	3.569	CHEMBL299699
O=P(O)(O)OCC(Cc1ccccc1)Nc1nc(Cl)nc2c1ncn2[C@@H]1O[C@H](CO)[C@@H](O)[C@H]1O	-0.2760000000000003	CHEMBL2219951
Nc1nc(-c2ccccc2)c2c(n1)-c1cc(C(=O)c3cccnc3)ccc1C2=O	3.532	CHEMBL2165802
NC[C@H]1O[C@@H](n2cnc3c(N[C@H]4C[C@H]5CC[C@H]4C5)ncnc32)[C@H](O)[C@@H]1O	0.7029999999999998	CHEMBL265947
Nc1nc(-c2ccccc2)nc2sc(Cc3ccccc3)cc12	3.9130000000000007	CHEMBL2377088
N#Cc1cccc(-c2nc(N)nc3c2C(=O)c2cccc(CN4CCOCC4)c2-3)c1	2.304	CHEMBL1087708
COc1ccc(N2CCOCC2)c2sc(NC(=O)C3(C)CCC(O)CC3)nc12	1.4800000000000002	CHEMBL4099688
N#Cc1c(N)nc(SCCO)c(C#N)c1-c1cccc(OC(F)F)c1	2.753	CHEMBL368237
Nc1sc(-c2ccccc2C(=O)NCCCCCCNc2ncnc3c2ncn3[C@@H]2O[C@H](CO)[C@@H](O)[C@H]2O)c(-c2cccc(C(F)(F)F)c2)c1C(=O)c1ccccc1	6.556	CHEMBL4072009
CCNC(=O)[C@H]1O[C@@H](n2cnc3c(NCC(c4ccccc4)c4ccccc4)nc(NCCc4ccc(Br)cc4)nc32)[C@H](O)[C@@H]1O	6.243	CHEMBL2042307
CNC(=O)c1cc(CSc2nc(NCCO)c(C#N)c(-c3ccc(OC)cc3)c2C#N)ccn1	2.254	CHEMBL3974140
COc1ccc(Nc2c(-c3ccc4nccnc4c3)c(C)nn2-c2ccccc2Cl)c(C(=O)O)c1	5.427000000000001	CHEMBL1258506
CCCn1c(=O)c2nc([C@H]3CC[C@H](CNC(C)=O)CC3)[nH]c2n(CCC)c1=O	3.57	CHEMBL134837
N#Cc1c(N)nc(OCc2ccnc(C(=O)NC3CC3)c2)c(C#N)c1-c1ccccc1	3.2050000000000005	CHEMBL3927840
Nc1nc(-c2ccccc2)c2c(n1)-c1cc(NCCN3CCS(=O)(=O)CC3)ccc1C2=O	2.269	CHEMBL1095811
CNC(=O)c1cccc(C(C)Sc2nc(N)c(C#N)c(-c3ccc(OCCO)cc3)c2C#N)c1	3.2470000000000017	CHEMBL3928443
O=C(CCCCCNC(=O)COc1ccc(/C=C/C2=[N+]3C(=Cc4ccc(-c5cccs5)n4[B-]3(F)F)C=C2)cc1)NCCCCNc1ncnc2c1ncn2[C@@H]1O[C@H](CO)[C@@H](O)[C@H]1O	5.8779999999999974	CHEMBL375965
Nc1sc(-c2ccc(C(=O)NCCCCCCNc3ncnc4c3ncn4[C@@H]3O[C@H](CO)[C@@H](O)[C@H]3O)cc2)c(-c2cccc(C(F)(F)F)c2)c1C(=O)c1ccccc1	6.556	CHEMBL4104819
OC[C@H]1OC(n2cnc3c(NC4CC5CC(O)C4C5)ncnc32)[C@H](O)[C@@H]1O	-0.47100000000000014	CHEMBL608219
O=C(C(=O)c1cn(Cc2ccccc2)c2ccccc12)c1ccccc1	5.2749999999999995	CHEMBL2435536
CN(C)CCN(C)c1ccc(-c2nc(N)nc3c2C(=O)c2ccccc2-3)o1	2.484	CHEMBL1097495
CCCn1c(OC2CCCC2)nc2nc(C3CCCC3)[nH]c2c1=O	5.127000000000002	CHEMBL4090857
OC[C@@]12C[C@@H]1[C@@H](n1cnc3c(NCc4cccc(I)c4)nc(Cl)nc31)[C@H](O)[C@@H]2O	3.135	CHEMBL27809
CCNC(=O)[C@H]1O[C@@H](n2cnc3c(NCCCCCCCCNC(=O)CCCCCNC(=O)COc4ccc(/C=C/C5=[N+]6C(=Cc7ccc(-c8cccs8)n7[B-]6(F)F)C=C5)cc4)ncnc32)[C@H](O)[C@@H]1O	8.531	CHEMBL218786
CCCn1c(=O)c2nc(-c3cnn(Cc4cc(C(F)(F)F)ccc4Cl)c3)[nH]c2n(CCC)c1=O	6.383000000000001	CHEMBL378598
Nc1sc(-c2ccccc2)cc1C(=O)c1ccccc1	4.1000000000000005	CHEMBL1241077
CCCNC(=O)C1CCC(c2nc3c(=O)n(CCC)c(=O)n(CCC)c3[nH]2)CC1	3.819	CHEMBL292661
CCNC(=O)[C@H]1O[C@H]([C@@H]([C@@H]1O)O)n1cnc2c1ncnc2N	-0.6179999999999999	NECA
C=Cc1cc2nc(NCc3cccnc3)nc(C(=O)c3cccs3)c2s1	2.27	CHEMBL3973260
COc1cc(/C=C/c2nc3c(n2C)c(=O)n(c(=O)n3CC)CC)ccc1OC	4.055000000000001	istradefylline
C1CCC(CC1)c1nc2c([nH]1)nc(cc2c1ccccc1)c1ccccc1	6.910999999999999	LUF5981
CCCn1c(=O)c2nc(C3CCCC(N)C3)[nH]c2n(CCC)c1=O	3.0989999999999998	CHEMBL56673
CCc1nn(-c2ccccc2C)c(Nc2ccccc2C(=O)O)c1-c1ccc2nccnc2c1	5.369000000000001	CHEMBL1258730
N#Cc1cncc(-c2nc(N)c3cc(Cc4ccccc4)sc3n2)c1	2.3840000000000003	CHEMBL2377107
OC[C@@]12C[C@@H]1[C@@H](n1cnc3c(NC4CCCC4)ncnc31)[C@H](O)[C@@H]2O	0.9050000000000002	CHEMBL27952
CCCn1c(=O)c2nc(NC3CCC3)[nH]c2n(CCC)c1=O	3.7190000000000003	CHEMBL300334
CCCn1c(Oc2cccc3cc[nH]c23)nc2nc(C3CCCC3)[nH]c2c1=O	5.5870000000000015	CHEMBL4085564
Nc1nc(-c2ccccc2)c2c(n1)-c1c(CN3CCCCC3)cccc1C2=O	3.8450000000000006	CHEMBL1087701
COc1ccccc1Cn1cc2nc(-c3ccco3)nc(N)c2n1	2.326	CHEMBL3798766
Nc1nc(-c2ccc(C3CC3)o2)nc2sc(Cc3ccccc3)cc12	3.055	CHEMBL2377223
CN(C)CCN(C)Cc1cccc2c1-c1nc(N)nc(-c3ccccc3)c1C2=O	2.8340000000000005	CHEMBL1087699
Nc1nc(-c2ccc(F)cc2)c2c(n1)-c1cc(CNN3CCCC3)ccc1C2=O	3.574	CHEMBL1088533
Nc1nc(NCCCCCCNC(=O)c2ccc(-c3sc(N)c(C(=O)c4ccccc4)c3-c3cccc(C(F)(F)F)c3)cc2)c2ncn([C@@H]3O[C@H](CO)[C@@H](O)[C@H]3O)c2n1	6.467000000000001	CHEMBL4069296
COP(=O)(OC)OC[C@H]1O[C@@H](n2cnc3c(NC4CCCC4)nc(Cl)nc32)[C@H](O)[C@@H]1O	0.3959999999999998	CHEMBL2163561
CN1CCN(C(=O)c2ccc3c(c2)-c2nc(N)nc(-c4ccc(F)cc4)c2C3=O)CC1	2.581	CHEMBL1086697
COc1ccc(Nc2c(-c3ccc4nccnc4c3)c(C)nn2C2CCCCC2)c(C(=O)O)c1	5.067	CHEMBL1258505
N#Cc1c(N)nc(SCc2cccc(CO)c2)c(C#N)c1-c1ccco1	2.2320000000000007	CHEMBL4557250
CCn1nnc([C@H]2O[C@@H](n3cnc4c(N[C@H]5C[C@@H]6CC[C@@H]5C6)ncnc43)[C@H](O)[C@@H]2O)n1	1.5650000000000002	CHEMBL3414942
CCOc1ccc(-c2c(C#N)c(N)nc(SCc3ccnc(C(=O)NC)c3)c2C#N)cc1	2.9230000000000005	CHEMBL3921473
Nc1nc(-c2ncco2)c2nnn(Cc3ccccc3F)c2n1	1.093	CHEMBL468701
O=P(OCCc1ccccc1)(OCCc1ccccc1)OC[C@H]1O[C@@H](n2cnc3c(NC4CCCC4)nc(Cl)nc32)[C@H](O)[C@@H]1O	4.132	CHEMBL2163563
CCNC(=O)[C@H]1O[C@@H](n2cnc3c(N[C@@H]4CCC[C@H]4OCc4ccccc4)ncnc32)[C@H](O)[C@@H]1O	2.3030000000000004	CHEMBL3770679
Nc1cc2nc(NCc3cccnc3)nc(C(=O)c3cccs3)c2s1	1.3050000000000002	CHEMBL1080241
C[N+](C)(C)c1nc2c(s1)Cc1cc(-c3ccc(Oc4ccccc4)cc3)ccc1-2	5.053000000000001	CHEMBL1184625
CCN(CC)CCNC(=O)c1ccc2c(c1)-c1nc(N)nc(-c3ccccc3)c1C2=O	3.3340000000000005	CHEMBL1088261
